RefID,Year,Title,Authors,Venue/Source,Category,Paper URL,Project URL,Code URL,Dataset URL,ArXiv ID,Has Direct Paper,Has Direct Code,Has Direct Dataset,Has Direct Project,Scholar Search,Semantic Scholar Search,PapersWithCode Search,GitHub Search,Link Status,Verification Source URL,Notes,Raw Reference
1,2024,Locally-rank-one-based joint unmixing and demosaicing methods for snapshot spectral images,"Abbas, K., Puigt, M., Delmaire, G., Roussel, G.","part i: a matrix-completion framework. IEEE TCI 10, 848–862",Low-level: Reconstruction,,,,,,False,False,False,False,https://scholar.google.com/scholar?q=Locally-rank-one-based+joint+unmixing+and+demosaicing+methods+for+snapshot+spectral+images+Abbas+2024,https://www.semanticscholar.org/search?q=Locally-rank-one-based+joint+unmixing+and+demosaicing+methods+for+snapshot+spectral+images+Abbas+2024,https://paperswithcode.com/search?q=Locally-rank-one-based+joint+unmixing+and+demosaicing+methods+for+snapshot+spectral+images,https://github.com/search?q=Locally-rank-one-based+joint+unmixing+and+demosaicing+methods+for+snapshot+spectral+images&type=repositories,search links generated; direct paper/code/dataset links not verified,,,"Abbas, K., Puigt, M., Delmaire, G., Roussel, G., 2024a. Locally-rank-one-based joint unmixing and demosaicing methods for snapshot spectral images. part i: a matrix-completion framework. IEEE TCI 10, 848–862."
2,2024,Locally-rank-one-based joint unmixing and demosaicing methods for snapshot spectral images,"Abbas, K., Puigt, M., Delmaire, G., Roussel, G.","part ii: A filtering-based framework. IEEE TCI 10, 806–817",Low-level: Reconstruction,,,,,,False,False,False,False,https://scholar.google.com/scholar?q=Locally-rank-one-based+joint+unmixing+and+demosaicing+methods+for+snapshot+spectral+images+Abbas+2024,https://www.semanticscholar.org/search?q=Locally-rank-one-based+joint+unmixing+and+demosaicing+methods+for+snapshot+spectral+images+Abbas+2024,https://paperswithcode.com/search?q=Locally-rank-one-based+joint+unmixing+and+demosaicing+methods+for+snapshot+spectral+images,https://github.com/search?q=Locally-rank-one-based+joint+unmixing+and+demosaicing+methods+for+snapshot+spectral+images&type=repositories,search links generated; direct paper/code/dataset links not verified,,,"Abbas, K., Puigt, M., Delmaire, G., Roussel, G., 2024b. Locally-rank-one-based joint unmixing and demosaicing methods for snapshot spectral images. part ii: A filtering-based framework. IEEE TCI 10, 806–817."
3,2018,Hyperspectral imaging: comparison of acousto-optic and liquid crystal tunable filters,"Abdlaty, R., Sahli, S., Hayward, J., Fang, Q.","in: Medical Imaging 2018: Physics of Medical Imaging, SPIE. pp. 700–708",Physics/Sensing,,,,,,False,False,False,False,https://scholar.google.com/scholar?q=Hyperspectral+imaging%3A+comparison+of+acousto-optic+and+liquid+crystal+tunable+filters+Abdlaty+2018,https://www.semanticscholar.org/search?q=Hyperspectral+imaging%3A+comparison+of+acousto-optic+and+liquid+crystal+tunable+filters+Abdlaty+2018,https://paperswithcode.com/search?q=Hyperspectral+imaging%3A+comparison+of+acousto-optic+and+liquid+crystal+tunable+filters,https://github.com/search?q=Hyperspectral+imaging%3A+comparison+of+acousto-optic+and+liquid+crystal+tunable+filters&type=repositories,search links generated; direct paper/code/dataset links not verified,,,"Abdlaty, R., Sahli, S., Hayward, J., Fang, Q., 2018. Hyperspectral imaging: comparison of acousto-optic and liquid crystal tunable filters, in: Medical Imaging 2018: Physics of Medical Imaging, SPIE. pp. 700–708."
4,2018,Hyperspectral recovery from rgb images using gaussian processes,"Akhtar, N., Mian, A.","IEEE TPAMI 42, 100–113",Low-level: Reconstruction,,,,,,False,False,False,False,https://scholar.google.com/scholar?q=Hyperspectral+recovery+from+rgb+images+using+gaussian+processes+Akhtar+2018,https://www.semanticscholar.org/search?q=Hyperspectral+recovery+from+rgb+images+using+gaussian+processes+Akhtar+2018,https://paperswithcode.com/search?q=Hyperspectral+recovery+from+rgb+images+using+gaussian+processes,https://github.com/search?q=Hyperspectral+recovery+from+rgb+images+using+gaussian+processes&type=repositories,search links generated; direct paper/code/dataset links not verified,,,"Akhtar, N., Mian, A., 2018. Hyperspectral recovery from rgb images using gaussian processes. IEEE TPAMI 42, 100–113."
5,2015,Bayesian sparse representation for hyperspectral image super resolution,"Akhtar, N., Shafait, F., Mian, A.","in: Proceedings of the IEEE conference on computer vision and pattern recognition, pp. 3631–3640",Low-level: Super-resolution/Fusion,,,,,,False,False,False,False,https://scholar.google.com/scholar?q=Bayesian+sparse+representation+for+hyperspectral+image+super+resolution+Akhtar+2015,https://www.semanticscholar.org/search?q=Bayesian+sparse+representation+for+hyperspectral+image+super+resolution+Akhtar+2015,https://paperswithcode.com/search?q=Bayesian+sparse+representation+for+hyperspectral+image+super+resolution,https://github.com/search?q=Bayesian+sparse+representation+for+hyperspectral+image+super+resolution&type=repositories,search links generated; direct paper/code/dataset links not verified,,,"Akhtar, N., Shafait, F., Mian, A., 2015. Bayesian sparse representation for hyperspectral image super resolution, in: Proceedings of the IEEE conference on computer vision and pattern recognition, pp. 3631–3640."
6,2023,Line scan hyperspectral imaging framework for open source low-cost platforms,"Al-Hourani, A., Balendhran, S., Walia, S., Hourani, T.","Remote Sensing 15, 2787",Physics/Sensing,,,,,,False,False,False,False,https://scholar.google.com/scholar?q=Line+scan+hyperspectral+imaging+framework+for+open+source+low-cost+platforms+Al-Hourani+2023,https://www.semanticscholar.org/search?q=Line+scan+hyperspectral+imaging+framework+for+open+source+low-cost+platforms+Al-Hourani+2023,https://paperswithcode.com/search?q=Line+scan+hyperspectral+imaging+framework+for+open+source+low-cost+platforms,https://github.com/search?q=Line+scan+hyperspectral+imaging+framework+for+open+source+low-cost+platforms&type=repositories,search links generated; direct paper/code/dataset links not verified,,,"Al-Hourani, A., Balendhran, S., Walia, S., Hourani, T., 2023. Line scan hyperspectral imaging framework for open source low-cost platforms. Remote Sensing 15, 2787."
7,2017,Spectral-spatial scale invariant feature transform for hyperspectral images,"Al-Khafaji, S.L., Zhou, J., Zia, A., Liew, A.W.C.","IEEE TIP 27, 837–850",Other / Background,,,,,,False,False,False,False,https://scholar.google.com/scholar?q=Spectral-spatial+scale+invariant+feature+transform+for+hyperspectral+images+Al-Khafaji+2017,https://www.semanticscholar.org/search?q=Spectral-spatial+scale+invariant+feature+transform+for+hyperspectral+images+Al-Khafaji+2017,https://paperswithcode.com/search?q=Spectral-spatial+scale+invariant+feature+transform+for+hyperspectral+images,https://github.com/search?q=Spectral-spatial+scale+invariant+feature+transform+for+hyperspectral+images&type=repositories,search links generated; direct paper/code/dataset links not verified,,,"Al-Khafaji, S.L., Zhou, J., Zia, A., Liew, A.W.C., 2017. Spectral-spatial scale invariant feature transform for hyperspectral images. IEEE TIP 27, 837–850."
8,2024,Hyperspectral vision beyond 3d: A review,"Antony, M.M., Sandeep, C.S., Matham, M.V.","Optics and Lasers in Engineering 178, 108238",Physics/Sensing,,,,,,False,False,False,False,https://scholar.google.com/scholar?q=Hyperspectral+vision+beyond+3d%3A+A+review+Antony+2024,https://www.semanticscholar.org/search?q=Hyperspectral+vision+beyond+3d%3A+A+review+Antony+2024,https://paperswithcode.com/search?q=Hyperspectral+vision+beyond+3d%3A+A+review,https://github.com/search?q=Hyperspectral+vision+beyond+3d%3A+A+review&type=repositories,search links generated; direct paper/code/dataset links not verified,,,"Antony, M.M., Sandeep, C.S., Matham, M.V., 2024. Hyperspectral vision beyond 3d: A review. Optics and Lasers in Engineering 178, 108238."
9,2016,Sparse recovery of hyperspectral signal from natural rgb images,"Arad, B., Ben-Shahar, O.","in: ECCV, Springer. pp. 19–34",Low-level: Reconstruction,https://link.springer.com/chapter/10.1007/978-3-319-46478-7_2,,,https://icvl.cs.bgu.ac.il/hyperspectral/,,True,False,True,False,https://scholar.google.com/scholar?q=Sparse+recovery+of+hyperspectral+signal+from+natural+rgb+images+Arad+2016,https://www.semanticscholar.org/search?q=Sparse+recovery+of+hyperspectral+signal+from+natural+rgb+images+Arad+2016,https://paperswithcode.com/search?q=Sparse+recovery+of+hyperspectral+signal+from+natural+rgb+images,https://github.com/search?q=Sparse+recovery+of+hyperspectral+signal+from+natural+rgb+images&type=repositories,verified dataset/project link,https://icvl.cs.bgu.ac.il/hyperspectral/,,"Arad, B., Ben-Shahar, O., 2016. Sparse recovery of hyperspectral signal from natural rgb images, in: ECCV, Springer. pp. 19–34."
10,2022,Ntire 2022 spectral recovery challenge and data set,"Arad, B., Timofte, R., Yahel, R., Morag, N., Bernat, A., Cai, Y., et al.","in: CVPR, pp. 863–881",Dataset,https://openaccess.thecvf.com/content/CVPR2022W/NTIRE/papers/Arad_NTIRE_2022_Spectral_Recovery_Challenge_and_Data_Set_CVPRW_2022_paper.pdf,,https://github.com/boazarad/ARAD_1K,https://github.com/boazarad/ARAD_1K,,True,True,True,False,https://scholar.google.com/scholar?q=Ntire+2022+spectral+recovery+challenge+and+data+set+Arad+2022,https://www.semanticscholar.org/search?q=Ntire+2022+spectral+recovery+challenge+and+data+set+Arad+2022,https://paperswithcode.com/search?q=Ntire+2022+spectral+recovery+challenge+and+data+set,https://github.com/search?q=Ntire+2022+spectral+recovery+challenge+and+data+set&type=repositories,verified paper + dataset/code link,https://github.com/boazarad/ARAD_1K,,"Arad, B., Timofte, R., Yahel, R., Morag, N., Bernat, A., Cai, Y., et al., 2022. Ntire 2022 spectral recovery challenge and data set, in: CVPR, pp. 863–881."
11,2025,Ty-rist: Tactical yolo tricks for real-time infrared small target detection,"Atrash, A., Ertekin, S., Ugur, O., Moured, O., Chen, Y., Zhang, J.","in: ICCV, pp. 2201–2210",High-level: Segmentation/Detection/Tracking,,,,,,False,False,False,False,https://scholar.google.com/scholar?q=Ty-rist%3A+Tactical+yolo+tricks+for+real-time+infrared+small+target+detection+Atrash+2025,https://www.semanticscholar.org/search?q=Ty-rist%3A+Tactical+yolo+tricks+for+real-time+infrared+small+target+detection+Atrash+2025,https://paperswithcode.com/search?q=Ty-rist%3A+Tactical+yolo+tricks+for+real-time+infrared+small+target+detection,https://github.com/search?q=Ty-rist%3A+Tactical+yolo+tricks+for+real-time+infrared+small+target+detection&type=repositories,search links generated; direct paper/code/dataset links not verified,,,"Atrash, A., Ertekin, S., Ugur, O., Moured, O., Chen, Y., Zhang, J., 2025. Ty-rist: Tactical yolo tricks for real-time infrared small target detection, in: ICCV, pp. 2201–2210."
12,2019,Deep learning for classification of hyperspectral data: A comparative review,"Audebert, N., Le Saux, B., Lefèvre, S.","IEEE GRSM 7, 159–173",High-level: Segmentation/Detection/Tracking,,,,,,False,False,False,False,https://scholar.google.com/scholar?q=Deep+learning+for+classification+of+hyperspectral+data%3A+A+comparative+review+Audebert+2019,https://www.semanticscholar.org/search?q=Deep+learning+for+classification+of+hyperspectral+data%3A+A+comparative+review+Audebert+2019,https://paperswithcode.com/search?q=Deep+learning+for+classification+of+hyperspectral+data%3A+A+comparative+review,https://github.com/search?q=Deep+learning+for+classification+of+hyperspectral+data%3A+A+comparative+review&type=repositories,search links generated; direct paper/code/dataset links not verified,,,"Audebert, N., Le Saux, B., Lefèvre, S., 2019. Deep learning for classification of hyperspectral data: A comparative review. IEEE GRSM 7, 159–173."
13,2020,Myoglobin-based classification of minced meat using hyperspectral imaging,"Ayaz, H., Ahmad, M., Sohaib, A., Yasir, M.N., Zaidan, M.A., Ali, M., Khan, M.H., Saleem, Z.","Applied sciences 10, 6862",High-level: Segmentation/Detection/Tracking,,,,,,False,False,False,False,https://scholar.google.com/scholar?q=Myoglobin-based+classification+of+minced+meat+using+hyperspectral+imaging+Ayaz+2020,https://www.semanticscholar.org/search?q=Myoglobin-based+classification+of+minced+meat+using+hyperspectral+imaging+Ayaz+2020,https://paperswithcode.com/search?q=Myoglobin-based+classification+of+minced+meat+using+hyperspectral+imaging,https://github.com/search?q=Myoglobin-based+classification+of+minced+meat+using+hyperspectral+imaging&type=repositories,search links generated; direct paper/code/dataset links not verified,,,"Ayaz, H., Ahmad, M., Sohaib, A., Yasir, M.N., Zaidan, M.A., Ali, M., Khan, M.H., Saleem, Z., 2020. Myoglobin-based classification of minced meat using hyperspectral imaging. Applied sciences 10, 6862."
14,2017,Segnet: A deep convolutional encoder-decoder architecture for image segmentation,"Badrinarayanan, V., Kendall, A., Cipolla, R.","IEEE TPAMI 39, 2481–2495",High-level: Segmentation/Detection/Tracking,,,,,,False,False,False,False,https://scholar.google.com/scholar?q=Segnet%3A+A+deep+convolutional+encoder-decoder+architecture+for+image+segmentation+Badrinarayanan+2017,https://www.semanticscholar.org/search?q=Segnet%3A+A+deep+convolutional+encoder-decoder+architecture+for+image+segmentation+Badrinarayanan+2017,https://paperswithcode.com/search?q=Segnet%3A+A+deep+convolutional+encoder-decoder+architecture+for+image+segmentation,https://github.com/search?q=Segnet%3A+A+deep+convolutional+encoder-decoder+architecture+for+image+segmentation&type=repositories,search links generated; direct paper/code/dataset links not verified,,,"Badrinarayanan, V., Kendall, A., Cipolla, R., 2017. Segnet: A deep convolutional encoder-decoder architecture for image segmentation. IEEE TPAMI 39, 2481–2495."
15,2021,Single-shot hyperspectral-depth imaging with learned diffractive optics,"Baek, S.H., Ikoma, H., Jeon, D.S., Li, Y., Heidrich, W., Wetzstein, G., Kim, M.H.","in: ICCV, pp. 2651–2660",Physics/Sensing,,,,,,False,False,False,False,https://scholar.google.com/scholar?q=Single-shot+hyperspectral-depth+imaging+with+learned+diffractive+optics+Baek+2021,https://www.semanticscholar.org/search?q=Single-shot+hyperspectral-depth+imaging+with+learned+diffractive+optics+Baek+2021,https://paperswithcode.com/search?q=Single-shot+hyperspectral-depth+imaging+with+learned+diffractive+optics,https://github.com/search?q=Single-shot+hyperspectral-depth+imaging+with+learned+diffractive+optics&type=repositories,search links generated; direct paper/code/dataset links not verified,,,"Baek, S.H., Ikoma, H., Jeon, D.S., Li, Y., Heidrich, W., Wetzstein, G., Kim, M.H., 2021. Single-shot hyperspectral-depth imaging with learned diffractive optics, in: ICCV, pp. 2651–2660."
16,2021,Hyperspectral neutron ct with material decomposition,"Balke, T., Long, A.M., Vogel, S.C., Wohlberg, B., Bouman, C.A.","in: 2021 IEEE International Conference on Image Processing (ICIP), IEEE. pp. 3482–3486",Other / Background,,,,,,False,False,False,False,https://scholar.google.com/scholar?q=Hyperspectral+neutron+ct+with+material+decomposition+Balke+2021,https://www.semanticscholar.org/search?q=Hyperspectral+neutron+ct+with+material+decomposition+Balke+2021,https://paperswithcode.com/search?q=Hyperspectral+neutron+ct+with+material+decomposition,https://github.com/search?q=Hyperspectral+neutron+ct+with+material+decomposition&type=repositories,search links generated; direct paper/code/dataset links not verified,,,"Balke, T., Long, A.M., Vogel, S.C., Wohlberg, B., Bouman, C.A., 2021. Hyperspectral neutron ct with material decomposition, in: 2021 IEEE International Conference on Image Processing (ICIP), IEEE. pp. 3482–3486."
17,2022,Hypertransformer: A textural and spectral feature fusion transformer for pansharpening,"Bandara, W.G.C., Patel, V.M.","in: CVPR, pp. 1767–1777",Low-level: Super-resolution/Fusion,https://arxiv.org/abs/2203.02503,,https://github.com/wgcban/HyperTransformer,,,True,True,False,False,https://scholar.google.com/scholar?q=Hypertransformer%3A+A+textural+and+spectral+feature+fusion+transformer+for+pansharpening+Bandara+2022,https://www.semanticscholar.org/search?q=Hypertransformer%3A+A+textural+and+spectral+feature+fusion+transformer+for+pansharpening+Bandara+2022,https://paperswithcode.com/search?q=Hypertransformer%3A+A+textural+and+spectral+feature+fusion+transformer+for+pansharpening,https://github.com/search?q=Hypertransformer%3A+A+textural+and+spectral+feature+fusion+transformer+for+pansharpening&type=repositories,verified arXiv + code link,https://arxiv.org/abs/2203.02503,,"Bandara, W.G.C., Patel, V.M., 2022. Hypertransformer: A textural and spectral feature fusion transformer for pansharpening, in: CVPR, pp. 1767–1777."
18,2009,Classification of hyperspectral images with regularized linear discriminant analysis,"Bandos, T.V., Bruzzone, L., Camps-Valls, G.","IEEE TGRS 47, 862–873",High-level: Segmentation/Detection/Tracking,,,,,,False,False,False,False,https://scholar.google.com/scholar?q=Classification+of+hyperspectral+images+with+regularized+linear+discriminant+analysis+Bandos+2009,https://www.semanticscholar.org/search?q=Classification+of+hyperspectral+images+with+regularized+linear+discriminant+analysis+Bandos+2009,https://paperswithcode.com/search?q=Classification+of+hyperspectral+images+with+regularized+linear+discriminant+analysis,https://github.com/search?q=Classification+of+hyperspectral+images+with+regularized+linear+discriminant+analysis&type=repositories,search links generated; direct paper/code/dataset links not verified,,,"Bandos, T.V., Bruzzone, L., Camps-Valls, G., 2009. Classification of hyperspectral images with regularized linear discriminant analysis. IEEE TGRS 47, 862–873."
19,1995,Hydice system: Implementation and performance,"Basedow, R.W., Carmer, D.C., Anderson, M.E.","in: Imaging Spectrometry, SPIE. pp. 258–267",Other / Background,,,,,,False,False,False,False,https://scholar.google.com/scholar?q=Hydice+system%3A+Implementation+and+performance+Basedow+1995,https://www.semanticscholar.org/search?q=Hydice+system%3A+Implementation+and+performance+Basedow+1995,https://paperswithcode.com/search?q=Hydice+system%3A+Implementation+and+performance,https://github.com/search?q=Hydice+system%3A+Implementation+and+performance&type=repositories,search links generated; direct paper/code/dataset links not verified,,,"Basedow, R.W., Carmer, D.C., Anderson, M.E., 1995. Hydice system: Implementation and performance, in: Imaging Spectrometry, SPIE. pp. 258–267."
20,2021,Hsi-drive: A dataset for the research of hyperspectral image processing applied to autonomous driving systems,"Basterretxea, K., Martínez, V., Echanobe, J., Gutiérrez-Zaballa, J., Del Campo, I.","in: 2021 IEEE Intelligent Vehicles Symposium (IV), IEEE. pp. 866–873",Dataset,https://ieeexplore.ieee.org/document/9575489/,https://ipaccess.ehu.eus/HSI-Drive/,,https://ipaccess.ehu.eus/HSI-Drive/,,True,False,True,True,https://scholar.google.com/scholar?q=Hsi-drive%3A+A+dataset+for+the+research+of+hyperspectral+image+processing+applied+to+autonomous+driving+systems+Basterretxea+2021,https://www.semanticscholar.org/search?q=Hsi-drive%3A+A+dataset+for+the+research+of+hyperspectral+image+processing+applied+to+autonomous+driving+systems+Basterretxea+2021,https://paperswithcode.com/search?q=Hsi-drive%3A+A+dataset+for+the+research+of+hyperspectral+image+processing+applied+to+autonomous+driving+systems,https://github.com/search?q=Hsi-drive%3A+A+dataset+for+the+research+of+hyperspectral+image+processing+applied+to+autonomous+driving+systems&type=repositories,verified dataset/project link,https://ipaccess.ehu.eus/HSI-Drive/,,"Basterretxea, K., Martínez, V., Echanobe, J., Gutiérrez-Zaballa, J., Del Campo, I., 2021. Hsi-drive: A dataset for the research of hyperspectral image processing applied to autonomous driving systems, in: 2021 IEEE Intelligent Vehicles Symposium (IV), IEEE. pp. 866–873."
21,2024,Deep intra-operative illumination calibration of hyperspectral cameras,"Baumann, A., Ayala, L., Studier-Fischer, A., Sellner, J., Özdemir, B., Kowalewski, K.F., Ilic, S., Seidlitz, S., Maier-Hein, L.","in: International Conference on Medical Image Computing and Computer- Assisted Intervention, Springer. pp. 120–131",Physics/Sensing,,,,,,False,False,False,False,https://scholar.google.com/scholar?q=Deep+intra-operative+illumination+calibration+of+hyperspectral+cameras+Baumann+2024,https://www.semanticscholar.org/search?q=Deep+intra-operative+illumination+calibration+of+hyperspectral+cameras+Baumann+2024,https://paperswithcode.com/search?q=Deep+intra-operative+illumination+calibration+of+hyperspectral+cameras,https://github.com/search?q=Deep+intra-operative+illumination+calibration+of+hyperspectral+cameras&type=repositories,search links generated; direct paper/code/dataset links not verified,,,"Baumann, A., Ayala, L., Studier-Fischer, A., Sellner, J., Özdemir, B., Kowalewski, K.F., Ilic, S., Seidlitz, S., Maier-Hein, L., 2024. Deep intra-operative illumination calibration of hyperspectral cameras, in: International Conference on Medical Image Computing and Computer- Assisted Intervention, Springer. pp. 120–131."
22,2018,"Specim iq: evaluation of a new, miniaturized handheld hyperspectral camera and its application for plant phenotyping and disease detection","Behmann, J., Acebron, K., Emin, D., Bennertz, S., Matsubara, S., Thomas, S., Bohnenkamp, D., Kuska, M.T., Jussila, J., Salo, H., et al.","Sensors 18, 441",High-level: Segmentation/Detection/Tracking,,,,,,False,False,False,False,https://scholar.google.com/scholar?q=Specim+iq%3A+evaluation+of+a+new%2C+miniaturized+handheld+hyperspectral+camera+and+its+application+for+plant+phenotyping+and+disease+detection+Behmann+2018,https://www.semanticscholar.org/search?q=Specim+iq%3A+evaluation+of+a+new%2C+miniaturized+handheld+hyperspectral+camera+and+its+application+for+plant+phenotyping+and+disease+detection+Behmann+2018,https://paperswithcode.com/search?q=Specim+iq%3A+evaluation+of+a+new%2C+miniaturized+handheld+hyperspectral+camera+and+its+application+for+plant+phenotyping+and+disease+detection,https://github.com/search?q=Specim+iq%3A+evaluation+of+a+new%2C+miniaturized+handheld+hyperspectral+camera+and+its+application+for+plant+phenotyping+and+disease+detection&type=repositories,search links generated; direct paper/code/dataset links not verified,,,"Behmann, J., Acebron, K., Emin, D., Bennertz, S., Matsubara, S., Thomas, S., Bohnenkamp, D., Kuska, M.T., Jussila, J., Salo, H., et al., 2018. Specim iq: evaluation of a new, miniaturized handheld hyperspectral camera and its application for plant phenotyping and disease detection. Sensors 18, 441."
23,2004,Acousto-optic tunable filters: fundamentals and applications as applied to chemical analysis techniques,"Bei, L., Dennis, G.I., Miller, H.M., Spaine, T.W., Carnahan, J.W.","Progress in Quantum Electronics 28, 67–87",Physics/Sensing,,,,,,False,False,False,False,https://scholar.google.com/scholar?q=Acousto-optic+tunable+filters%3A+fundamentals+and+applications+as+applied+to+chemical+analysis+techniques+Bei+2004,https://www.semanticscholar.org/search?q=Acousto-optic+tunable+filters%3A+fundamentals+and+applications+as+applied+to+chemical+analysis+techniques+Bei+2004,https://paperswithcode.com/search?q=Acousto-optic+tunable+filters%3A+fundamentals+and+applications+as+applied+to+chemical+analysis+techniques,https://github.com/search?q=Acousto-optic+tunable+filters%3A+fundamentals+and+applications+as+applied+to+chemical+analysis+techniques&type=repositories,search links generated; direct paper/code/dataset links not verified,,,"Bei, L., Dennis, G.I., Miller, H.M., Spaine, T.W., Carnahan, J.W., 2004. Acousto-optic tunable filters: fundamentals and applications as applied to chemical analysis techniques. Progress in Quantum Electronics 28, 67–87."
24,2025,Towards a generalizable fusion architecture for multimodal object detection,"Berjawi, J., Dupas, Y., Cérin, C.","in: ICCV, pp. 2192–2200",Low-level: Super-resolution/Fusion,,,,,,False,False,False,False,https://scholar.google.com/scholar?q=Towards+a+generalizable+fusion+architecture+for+multimodal+object+detection+Berjawi+2025,https://www.semanticscholar.org/search?q=Towards+a+generalizable+fusion+architecture+for+multimodal+object+detection+Berjawi+2025,https://paperswithcode.com/search?q=Towards+a+generalizable+fusion+architecture+for+multimodal+object+detection,https://github.com/search?q=Towards+a+generalizable+fusion+architecture+for+multimodal+object+detection&type=repositories,search links generated; direct paper/code/dataset links not verified,,,"Berjawi, J., Dupas, Y., Cérin, C., 2025. Towards a generalizable fusion architecture for multimodal object detection, in: ICCV, pp. 2192–2200."
25,2024,Hyperspectral imaging and its applications: A review,"Bhargava, A., Sachdeva, A., Sharma, K., Alsharif, M.H., Uthansakul, P., Uthansakul, M.",Heliyon 10,Other / Background,,,,,,False,False,False,False,https://scholar.google.com/scholar?q=Hyperspectral+imaging+and+its+applications%3A+A+review+Bhargava+2024,https://www.semanticscholar.org/search?q=Hyperspectral+imaging+and+its+applications%3A+A+review+Bhargava+2024,https://paperswithcode.com/search?q=Hyperspectral+imaging+and+its+applications%3A+A+review,https://github.com/search?q=Hyperspectral+imaging+and+its+applications%3A+A+review&type=repositories,search links generated; direct paper/code/dataset links not verified,,,"Bhargava, A., Sachdeva, A., Sharma, K., Alsharif, M.H., Uthansakul, P., Uthansakul, M., 2024. Hyperspectral imaging and its applications: A review. Heliyon 10."
26,2025,"Ai-driven hsi: Multimodality, fusion, challenges, and the deep learning revolution","Bhatti, D.S., Choi, Y., Wahidur, R.S., Bakhtawar, M., Kim, S., Lee, S., Lee, Y., Lee, H.N.",arXiv preprint arXiv:2502.06894 ,Dataset,https://arxiv.org/abs/2502.06894,,,,2502.06894,True,False,False,False,https://scholar.google.com/scholar?q=Ai-driven+hsi%3A+Multimodality%2C+fusion%2C+challenges%2C+and+the+deep+learning+revolution+Bhatti+2025,https://www.semanticscholar.org/search?q=Ai-driven+hsi%3A+Multimodality%2C+fusion%2C+challenges%2C+and+the+deep+learning+revolution+Bhatti+2025,https://paperswithcode.com/search?q=Ai-driven+hsi%3A+Multimodality%2C+fusion%2C+challenges%2C+and+the+deep+learning+revolution,https://github.com/search?q=Ai-driven+hsi%3A+Multimodality%2C+fusion%2C+challenges%2C+and+the+deep+learning+revolution&type=repositories,arXiv URL parsed from reference; other direct links not verified,,,"Bhatti, D.S., Choi, Y., Wahidur, R.S., Bakhtawar, M., Kim, S., Lee, S., Lee, Y., Lee, H.N., 2025. Ai-driven hsi: Multimodality, fusion, challenges, and the deep learning revolution. arXiv preprint arXiv:2502.06894 ."
27,2007,A new twist: Two-step iterative shrinkage/thresholding algorithms for image restoration,"Bioucas-Dias, J.M., Figueiredo, M.A.","IEEE TIP 16, 2992–3004",Low-level: Denoising/Restoration,,,,,,False,False,False,False,https://scholar.google.com/scholar?q=A+new+twist%3A+Two-step+iterative+shrinkage%2Fthresholding+algorithms+for+image+restoration+Bioucas-Dias+2007,https://www.semanticscholar.org/search?q=A+new+twist%3A+Two-step+iterative+shrinkage%2Fthresholding+algorithms+for+image+restoration+Bioucas-Dias+2007,https://paperswithcode.com/search?q=A+new+twist%3A+Two-step+iterative+shrinkage%2Fthresholding+algorithms+for+image+restoration,https://github.com/search?q=A+new+twist%3A+Two-step+iterative+shrinkage%2Fthresholding+algorithms+for+image+restoration&type=repositories,search links generated; direct paper/code/dataset links not verified,,,"Bioucas-Dias, J.M., Figueiredo, M.A., 2007. A new twist: Two-step iterative shrinkage/thresholding algorithms for image restoration. IEEE TIP 16, 2992–3004."
28,2012,"Hyperspectral unmixing overview: Geometrical, statistical, and sparse regression-based approaches","Bioucas-Dias, J.M., Plaza, A., Dobigeon, N., Parente, M., Du, Q., Gader, P., Chanussot, J.","IEEE journal of selected topics in applied earth observations and remote sensing 5, 354–379",Physics/Sensing,,,,,,False,False,False,False,https://scholar.google.com/scholar?q=Hyperspectral+unmixing+overview%3A+Geometrical%2C+statistical%2C+and+sparse+regression-based+approaches+Bioucas-Dias+2012,https://www.semanticscholar.org/search?q=Hyperspectral+unmixing+overview%3A+Geometrical%2C+statistical%2C+and+sparse+regression-based+approaches+Bioucas-Dias+2012,https://paperswithcode.com/search?q=Hyperspectral+unmixing+overview%3A+Geometrical%2C+statistical%2C+and+sparse+regression-based+approaches,https://github.com/search?q=Hyperspectral+unmixing+overview%3A+Geometrical%2C+statistical%2C+and+sparse+regression-based+approaches&type=repositories,search links generated; direct paper/code/dataset links not verified,,,"Bioucas-Dias, J.M., Plaza, A., Dobigeon, N., Parente, M., Du, Q., Gader, P., Chanussot, J., 2012. Hyperspectral unmixing overview: Geometrical, statistical, and sparse regression-based approaches. IEEE journal of selected topics in applied earth observations and remote sensing 5, 354–379."
29,2021,On the opportunities and risks of foundation models,"Bommasani, R.",arXiv preprint arXiv:2108.07258 ,Foundation Model,https://arxiv.org/abs/2108.07258,,,,2108.07258,True,False,False,False,https://scholar.google.com/scholar?q=On+the+opportunities+and+risks+of+foundation+models+Bommasani+2021,https://www.semanticscholar.org/search?q=On+the+opportunities+and+risks+of+foundation+models+Bommasani+2021,https://paperswithcode.com/search?q=On+the+opportunities+and+risks+of+foundation+models,https://github.com/search?q=On+the+opportunities+and+risks+of+foundation+models&type=repositories,arXiv URL parsed from reference; other direct links not verified,,,"Bommasani, R., 2021. On the opportunities and risks of foundation models. arXiv preprint arXiv:2108.07258 ."
30,2021,Spectral variability in hyperspectral data unmixing: A comprehensive review,"Borsoi, R.A., Imbiriba, T., Bermudez, J.C.M., Richard, C., Chanussot, J., Drumetz, L., Tourneret, J.Y., Zare, A., Jutten, C.","IEEE GRSM 9, 223–270",Other / Background,,,,,,False,False,False,False,https://scholar.google.com/scholar?q=Spectral+variability+in+hyperspectral+data+unmixing%3A+A+comprehensive+review+Borsoi+2021,https://www.semanticscholar.org/search?q=Spectral+variability+in+hyperspectral+data+unmixing%3A+A+comprehensive+review+Borsoi+2021,https://paperswithcode.com/search?q=Spectral+variability+in+hyperspectral+data+unmixing%3A+A+comprehensive+review,https://github.com/search?q=Spectral+variability+in+hyperspectral+data+unmixing%3A+A+comprehensive+review&type=repositories,search links generated; direct paper/code/dataset links not verified,,,"Borsoi, R.A., Imbiriba, T., Bermudez, J.C.M., Richard, C., Chanussot, J., Drumetz, L., Tourneret, J.Y., Zare, A., Jutten, C., 2021. Spectral variability in hyperspectral data unmixing: A comprehensive review. IEEE GRSM 9, 223–270."
31,2025,Spectralearth: Training hyperspectral foundation models at scale,"Braham, N.A.A., Albrecht, C.M., Mairal, J., Chanussot, J., Wang, Y., Zhu, X.X.",IEEE Journal of Selected Topics in Applied Earth Observations and Remote Sensing ,Foundation Model,https://arxiv.org/abs/2408.08447,,https://github.com/AABNassim/spectral_earth,,,True,True,False,False,https://scholar.google.com/scholar?q=Spectralearth%3A+Training+hyperspectral+foundation+models+at+scale+Braham+2025,https://www.semanticscholar.org/search?q=Spectralearth%3A+Training+hyperspectral+foundation+models+at+scale+Braham+2025,https://paperswithcode.com/search?q=Spectralearth%3A+Training+hyperspectral+foundation+models+at+scale,https://github.com/search?q=Spectralearth%3A+Training+hyperspectral+foundation+models+at+scale&type=repositories,verified arXiv + code link,https://github.com/AABNassim/spectral_earth,,"Braham, N.A.A., Albrecht, C.M., Mairal, J., Chanussot, J., Wang, Y., Zhu, X.X., 2025. Spectralearth: Training hyperspectral foundation models at scale. IEEE Journal of Selected Topics in Applied Earth Observations and Remote Sensing ."
32,1980,A spatial processor model for object colour perception,"Buchsbaum, G.","Journal of the Franklin institute 310, 1–26",High-level: Segmentation/Detection/Tracking,,,,,,False,False,False,False,https://scholar.google.com/scholar?q=A+spatial+processor+model+for+object+colour+perception+Buchsbaum+1980,https://www.semanticscholar.org/search?q=A+spatial+processor+model+for+object+colour+perception+Buchsbaum+1980,https://paperswithcode.com/search?q=A+spatial+processor+model+for+object+colour+perception,https://github.com/search?q=A+spatial+processor+model+for+object+colour+perception&type=repositories,search links generated; direct paper/code/dataset links not verified,,,"Buchsbaum, G., 1980. A spatial processor model for object colour perception. Journal of the Franklin institute 310, 1–26."
33,2022,Coarse-to-fine sparse transformer for hyperspectral image reconstruction,"Cai, Y., Lin, J., Hu, X., Wang, H., Yuan, X., Zhang, Y., Timofte, R., Van Gool, L.","in: ECCV, Springer. pp. 686–704",Low-level: Reconstruction,https://www.ecva.net/papers/eccv_2022/papers_ECCV/papers/136770690.pdf,,https://github.com/SZU-AdvTech-2023/035-Coarse-to-Fine-Sparse-Transformer-for-Hyperspectral-Image-Reconstruction,,,True,True,False,False,https://scholar.google.com/scholar?q=Coarse-to-fine+sparse+transformer+for+hyperspectral+image+reconstruction+Cai+2022,https://www.semanticscholar.org/search?q=Coarse-to-fine+sparse+transformer+for+hyperspectral+image+reconstruction+Cai+2022,https://paperswithcode.com/search?q=Coarse-to-fine+sparse+transformer+for+hyperspectral+image+reconstruction,https://github.com/search?q=Coarse-to-fine+sparse+transformer+for+hyperspectral+image+reconstruction&type=repositories,paper verified; code appears third-party reproduction,https://github.com/SZU-AdvTech-2023/035-Coarse-to-Fine-Sparse-Transformer-for-Hyperspectral-Image-Reconstruction,,"Cai, Y., Lin, J., Hu, X., Wang, H., Yuan, X., Zhang, Y., Timofte, R., Van Gool, L., 2022a. Coarse-to-fine sparse transformer for hyperspectral image reconstruction, in: ECCV, Springer. pp. 686–704."
34,2022,Mask-guided spectral-wise transformer for efficient hyperspectral image reconstruction,"Cai, Y., Lin, J., Hu, X., Wang, H., Yuan, X., Zhang, Y., Timofte, R., Van Gool, L.","in: CVPR, pp. 17502–17511",Low-level: Reconstruction,https://arxiv.org/abs/2111.07910,,https://github.com/caiyuanhao1998/MST,,,True,True,False,False,https://scholar.google.com/scholar?q=Mask-guided+spectral-wise+transformer+for+efficient+hyperspectral+image+reconstruction+Cai+2022,https://www.semanticscholar.org/search?q=Mask-guided+spectral-wise+transformer+for+efficient+hyperspectral+image+reconstruction+Cai+2022,https://paperswithcode.com/search?q=Mask-guided+spectral-wise+transformer+for+efficient+hyperspectral+image+reconstruction,https://github.com/search?q=Mask-guided+spectral-wise+transformer+for+efficient+hyperspectral+image+reconstruction&type=repositories,verified arXiv + code link,https://arxiv.org/abs/2111.07910,,"Cai, Y., Lin, J., Hu, X., Wang, H., Yuan, X., Zhang, Y., Timofte, R., Van Gool, L., 2022b. Mask-guided spectral-wise transformer for efficient hyperspectral image reconstruction, in: CVPR, pp. 17502–17511."
35,2022,Mst++: Multi-stage spectral-wise transformer for efficient spectral reconstruction,"Cai, Y., Lin, J., Lin, Z., Wang, H., Zhang, Y., Pfister, H., Timofte, R., Van Gool, L.","in: CVPR, pp. 745–755",Low-level: Reconstruction,https://arxiv.org/abs/2204.07908,,https://github.com/caiyuanhao1998/MST-plus-plus,,,True,True,False,False,https://scholar.google.com/scholar?q=Mst%2B%2B%3A+Multi-stage+spectral-wise+transformer+for+efficient+spectral+reconstruction+Cai+2022,https://www.semanticscholar.org/search?q=Mst%2B%2B%3A+Multi-stage+spectral-wise+transformer+for+efficient+spectral+reconstruction+Cai+2022,https://paperswithcode.com/search?q=Mst%2B%2B%3A+Multi-stage+spectral-wise+transformer+for+efficient+spectral+reconstruction,https://github.com/search?q=Mst%2B%2B%3A+Multi-stage+spectral-wise+transformer+for+efficient+spectral+reconstruction&type=repositories,verified arXiv + code link,https://arxiv.org/abs/2204.07908,,"Cai, Y., Lin, J., Lin, Z., Wang, H., Zhang, Y., Pfister, H., Timofte, R., Van Gool, L., 2022c. Mst++: Multi-stage spectral-wise transformer for efficient spectral reconstruction, in: CVPR, pp. 745–755."
36,2016,Computational snapshot multispectral cameras: Toward dynamic capture of the spectral world,"Cao, X., Yue, T., Lin, X., Lin, S., Yuan, X., Dai, Q., Carin, L., Brady, D.J.","IEEE Signal Processing Magazine 33, 95–108",Low-level: Reconstruction,,,,,,False,False,False,False,https://scholar.google.com/scholar?q=Computational+snapshot+multispectral+cameras%3A+Toward+dynamic+capture+of+the+spectral+world+Cao+2016,https://www.semanticscholar.org/search?q=Computational+snapshot+multispectral+cameras%3A+Toward+dynamic+capture+of+the+spectral+world+Cao+2016,https://paperswithcode.com/search?q=Computational+snapshot+multispectral+cameras%3A+Toward+dynamic+capture+of+the+spectral+world,https://github.com/search?q=Computational+snapshot+multispectral+cameras%3A+Toward+dynamic+capture+of+the+spectral+world&type=repositories,search links generated; direct paper/code/dataset links not verified,,,"Cao, X., Yue, T., Lin, X., Lin, S., Yuan, X., Dai, Q., Carin, L., Brady, D.J., 2016. Computational snapshot multispectral cameras: Toward dynamic capture of the spectral world. IEEE Signal Processing Magazine 33, 95–108."
37,2025,An efficient image fusion network exploiting unifying language and mask guidance,"Cao, Z.H., Liang, Y.J., Deng, L.J., Vivone, G.","IEEE TPAMI 47, 9845–9862",Low-level: Super-resolution/Fusion,,,,,,False,False,False,False,https://scholar.google.com/scholar?q=An+efficient+image+fusion+network+exploiting+unifying+language+and+mask+guidance+Cao+2025,https://www.semanticscholar.org/search?q=An+efficient+image+fusion+network+exploiting+unifying+language+and+mask+guidance+Cao+2025,https://paperswithcode.com/search?q=An+efficient+image+fusion+network+exploiting+unifying+language+and+mask+guidance,https://github.com/search?q=An+efficient+image+fusion+network+exploiting+unifying+language+and+mask+guidance&type=repositories,search links generated; direct paper/code/dataset links not verified,,,"Cao, Z.H., Liang, Y.J., Deng, L.J., Vivone, G., 2025. An efficient image fusion network exploiting unifying language and mask guidance. IEEE TPAMI 47, 9845–9862."
38,2011,Statistics of real-world hyperspectral images,"Chakrabarti, A., Zickler, T.","in: CVPR 2011, IEEE. pp. 193–200",Other / Background,https://vision.seas.harvard.edu/hyperspec/,https://vision.seas.harvard.edu/hyperspec/,,https://vision.seas.harvard.edu/hyperspec/,,True,False,True,True,https://scholar.google.com/scholar?q=Statistics+of+real-world+hyperspectral+images+Chakrabarti+2011,https://www.semanticscholar.org/search?q=Statistics+of+real-world+hyperspectral+images+Chakrabarti+2011,https://paperswithcode.com/search?q=Statistics+of+real-world+hyperspectral+images,https://github.com/search?q=Statistics+of+real-world+hyperspectral+images&type=repositories,verified project/dataset link,https://vision.seas.harvard.edu/hyperspec/,,"Chakrabarti, A., Zickler, T., 2011. Statistics of real-world hyperspectral images, in: CVPR 2011, IEEE. pp. 193–200."
39,2016,Plug-and-play admm for image restoration: Fixed-point convergence and applications,"Chan, S.H., Wang, X., Elgendy, O.A.","IEEE TCI 3, 84–98",Low-level: Denoising/Restoration,,,,,,False,False,False,False,https://scholar.google.com/scholar?q=Plug-and-play+admm+for+image+restoration%3A+Fixed-point+convergence+and+applications+Chan+2016,https://www.semanticscholar.org/search?q=Plug-and-play+admm+for+image+restoration%3A+Fixed-point+convergence+and+applications+Chan+2016,https://paperswithcode.com/search?q=Plug-and-play+admm+for+image+restoration%3A+Fixed-point+convergence+and+applications,https://github.com/search?q=Plug-and-play+admm+for+image+restoration%3A+Fixed-point+convergence+and+applications&type=repositories,search links generated; direct paper/code/dataset links not verified,,,"Chan, S.H., Wang, X., Elgendy, O.A., 2016. Plug-and-play admm for image restoration: Fixed-point convergence and applications. IEEE TCI 3, 84–98."
40,2018,Hsi-denet: Hyperspectral image restoration via convolutional neural network,"Chang, Y., Yan, L., Fang, H., Zhong, S., Liao, W.","IEEE TGRS 57, 667–682",Low-level: Denoising/Restoration,,,,,,False,False,False,False,https://scholar.google.com/scholar?q=Hsi-denet%3A+Hyperspectral+image+restoration+via+convolutional+neural+network+Chang+2018,https://www.semanticscholar.org/search?q=Hsi-denet%3A+Hyperspectral+image+restoration+via+convolutional+neural+network+Chang+2018,https://paperswithcode.com/search?q=Hsi-denet%3A+Hyperspectral+image+restoration+via+convolutional+neural+network,https://github.com/search?q=Hsi-denet%3A+Hyperspectral+image+restoration+via+convolutional+neural+network&type=repositories,search links generated; direct paper/code/dataset links not verified,,,"Chang, Y., Yan, L., Fang, H., Zhong, S., Liao, W., 2018. Hsi-denet: Hyperspectral image restoration via convolutional neural network. IEEE TGRS 57, 667–682."
41,2024,Hyperspectral neural radiance fields,"Chen, G., Narayanan, S.K., Ottou, T.G., Missaoui, B., Muriki, H., Pradalier, C., Chen, Y.",arXiv preprint arXiv:2403.14839 ,Other / Background,https://arxiv.org/abs/2403.14839,,,,2403.14839,True,False,False,False,https://scholar.google.com/scholar?q=Hyperspectral+neural+radiance+fields+Chen+2024,https://www.semanticscholar.org/search?q=Hyperspectral+neural+radiance+fields+Chen+2024,https://paperswithcode.com/search?q=Hyperspectral+neural+radiance+fields,https://github.com/search?q=Hyperspectral+neural+radiance+fields&type=repositories,arXiv URL parsed from reference; other direct links not verified,,,"Chen, G., Narayanan, S.K., Ottou, T.G., Missaoui, B., Muriki, H., Pradalier, C., Chen, Y., 2024a. Hyperspectral neural radiance fields. arXiv preprint arXiv:2403.14839 ."
42,2022,Learning a fully connected u-net for spectrum reconstruction of fourier transform imaging spectrometers,"Chen, T., Su, X., Li, H., Li, S., Liu, J., Zhang, G., Feng, X., Wang, S., Liu, X., Wang, Y., et al.","Remote Sensing 14, 900",Low-level: Reconstruction,,,,,,False,False,False,False,https://scholar.google.com/scholar?q=Learning+a+fully+connected+u-net+for+spectrum+reconstruction+of+fourier+transform+imaging+spectrometers+Chen+2022,https://www.semanticscholar.org/search?q=Learning+a+fully+connected+u-net+for+spectrum+reconstruction+of+fourier+transform+imaging+spectrometers+Chen+2022,https://paperswithcode.com/search?q=Learning+a+fully+connected+u-net+for+spectrum+reconstruction+of+fourier+transform+imaging+spectrometers,https://github.com/search?q=Learning+a+fully+connected+u-net+for+spectrum+reconstruction+of+fourier+transform+imaging+spectrometers&type=repositories,search links generated; direct paper/code/dataset links not verified,,,"Chen, T., Su, X., Li, H., Li, S., Liu, J., Zhang, G., Feng, X., Wang, S., Liu, X., Wang, Y., et al., 2022. Learning a fully connected u-net for spectrum reconstruction of fourier transform imaging spectrometers. Remote Sensing 14, 900."
43,2023,Spirit: Spectral awareness interaction network with dynamic template for hyperspectral object tracking,"Chen, Y., Yuan, Q., Tang, Y., Xiao, Y., He, J., Zhang, L.","IEEE TGRS 62, 1–16",High-level: Segmentation/Detection/Tracking,https://ieeexplore.ieee.org/document/10385384/,,https://github.com/YZCU/SPIRIT,,,True,True,False,False,https://scholar.google.com/scholar?q=Spirit%3A+Spectral+awareness+interaction+network+with+dynamic+template+for+hyperspectral+object+tracking+Chen+2023,https://www.semanticscholar.org/search?q=Spirit%3A+Spectral+awareness+interaction+network+with+dynamic+template+for+hyperspectral+object+tracking+Chen+2023,https://paperswithcode.com/search?q=Spirit%3A+Spectral+awareness+interaction+network+with+dynamic+template+for+hyperspectral+object+tracking,https://github.com/search?q=Spirit%3A+Spectral+awareness+interaction+network+with+dynamic+template+for+hyperspectral+object+tracking&type=repositories,verified code link,https://github.com/YZCU/SPIRIT,,"Chen, Y., Yuan, Q., Tang, Y., Xiao, Y., He, J., Zhang, L., 2023. Spirit: Spectral awareness interaction network with dynamic template for hyperspectral object tracking. IEEE TGRS 62, 1–16."
44,2024,Flex-dld: Deep low-rank decomposition model with flexible priors for hyperspectral image denoising and restoration,"Chen, Y., Zhang, H., Wang, Y., Yang, Y., Wu, J.","IEEE TIP 33, 1211–1226",Low-level: Denoising/Restoration,,,,,,False,False,False,False,https://scholar.google.com/scholar?q=Flex-dld%3A+Deep+low-rank+decomposition+model+with+flexible+priors+for+hyperspectral+image+denoising+and+restoration+Chen+2024,https://www.semanticscholar.org/search?q=Flex-dld%3A+Deep+low-rank+decomposition+model+with+flexible+priors+for+hyperspectral+image+denoising+and+restoration+Chen+2024,https://paperswithcode.com/search?q=Flex-dld%3A+Deep+low-rank+decomposition+model+with+flexible+priors+for+hyperspectral+image+denoising+and+restoration,https://github.com/search?q=Flex-dld%3A+Deep+low-rank+decomposition+model+with+flexible+priors+for+hyperspectral+image+denoising+and+restoration&type=repositories,search links generated; direct paper/code/dataset links not verified,,,"Chen, Y., Zhang, H., Wang, Y., Yang, Y., Wu, J., 2024b. Flex-dld: Deep low-rank decomposition model with flexible priors for hyperspectral image denoising and restoration. IEEE TIP 33, 1211–1226."
45,2015,Spectral–spatial classification of hyperspectral data based on deep belief network,"Chen, Y., Zhao, X., Jia, X.","IEEE journal of selected topics in applied earth observations and remote sensing 8, 2381–2392",High-level: Segmentation/Detection/Tracking,,,,,,False,False,False,False,https://scholar.google.com/scholar?q=Spectral%E2%80%93spatial+classification+of+hyperspectral+data+based+on+deep+belief+network+Chen+2015,https://www.semanticscholar.org/search?q=Spectral%E2%80%93spatial+classification+of+hyperspectral+data+based+on+deep+belief+network+Chen+2015,https://paperswithcode.com/search?q=Spectral%E2%80%93spatial+classification+of+hyperspectral+data+based+on+deep+belief+network,https://github.com/search?q=Spectral%E2%80%93spatial+classification+of+hyperspectral+data+based+on+deep+belief+network&type=repositories,search links generated; direct paper/code/dataset links not verified,,,"Chen, Y., Zhao, X., Jia, X., 2015. Spectral–spatial classification of hyperspectral data based on deep belief network. IEEE journal of selected topics in applied earth observations and remote sensing 8, 2381–2392."
46,2022,Masked-attention mask transformer for universal image segmentation,"Cheng, B., Misra, I., Schwing, A.G., Kirillov, A., Girdhar, R.","in: CVPR, pp. 1290–1299",High-level: Segmentation/Detection/Tracking,,,,,,False,False,False,False,https://scholar.google.com/scholar?q=Masked-attention+mask+transformer+for+universal+image+segmentation+Cheng+2022,https://www.semanticscholar.org/search?q=Masked-attention+mask+transformer+for+universal+image+segmentation+Cheng+2022,https://paperswithcode.com/search?q=Masked-attention+mask+transformer+for+universal+image+segmentation,https://github.com/search?q=Masked-attention+mask+transformer+for+universal+image+segmentation&type=repositories,search links generated; direct paper/code/dataset links not verified,,,"Cheng, B., Misra, I., Schwing, A.G., Kirillov, A., Girdhar, R., 2022. Masked-attention mask transformer for universal image segmentation, in: CVPR, pp. 1290–1299."
47,2014,Illuminant estimation for color constancy: why spatial-domain methods work and the role of the color distribution,"Cheng, D., Prasad, D.K., Brown, M.S.","Journal of the Optical Society of America A 31, 1049–1058",Physics/Sensing,,,,,,False,False,False,False,https://scholar.google.com/scholar?q=Illuminant+estimation+for+color+constancy%3A+why+spatial-domain+methods+work+and+the+role+of+the+color+distribution+Cheng+2014,https://www.semanticscholar.org/search?q=Illuminant+estimation+for+color+constancy%3A+why+spatial-domain+methods+work+and+the+role+of+the+color+distribution+Cheng+2014,https://paperswithcode.com/search?q=Illuminant+estimation+for+color+constancy%3A+why+spatial-domain+methods+work+and+the+role+of+the+color+distribution,https://github.com/search?q=Illuminant+estimation+for+color+constancy%3A+why+spatial-domain+methods+work+and+the+role+of+the+color+distribution&type=repositories,search links generated; direct paper/code/dataset links not verified,,,"Cheng, D., Prasad, D.K., Brown, M.S., 2014. Illuminant estimation for color constancy: why spatial-domain methods work and the role of the color distribution. Journal of the Optical Society of America A 31, 1049–1058."
48,2016,A survey on object detection in optical remote sensing images,"Cheng, G., Han, J.","ISPRS journal of photogrammetry and remote sensing 117, 11–28",High-level: Segmentation/Detection/Tracking,,,,,,False,False,False,False,https://scholar.google.com/scholar?q=A+survey+on+object+detection+in+optical+remote+sensing+images+Cheng+2016,https://www.semanticscholar.org/search?q=A+survey+on+object+detection+in+optical+remote+sensing+images+Cheng+2016,https://paperswithcode.com/search?q=A+survey+on+object+detection+in+optical+remote+sensing+images,https://github.com/search?q=A+survey+on+object+detection+in+optical+remote+sensing+images&type=repositories,search links generated; direct paper/code/dataset links not verified,,,"Cheng, G., Han, J., 2016. A survey on object detection in optical remote sensing images. ISPRS journal of photogrammetry and remote sensing 117, 11–28."
49,2015,Hyperspectral data acquisition and its application for face recognition ,"Cho, W.",,High-level: Segmentation/Detection/Tracking,,,,,,False,False,False,False,https://scholar.google.com/scholar?q=Hyperspectral+data+acquisition+and+its+application+for+face+recognition++Cho+2015,https://www.semanticscholar.org/search?q=Hyperspectral+data+acquisition+and+its+application+for+face+recognition++Cho+2015,https://paperswithcode.com/search?q=Hyperspectral+data+acquisition+and+its+application+for+face+recognition+,https://github.com/search?q=Hyperspectral+data+acquisition+and+its+application+for+face+recognition+&type=repositories,search links generated; direct paper/code/dataset links not verified,,,"Cho, W., 2015. Hyperspectral data acquisition and its application for face recognition ."
50,2017,High-quality hyperspectral reconstruction using a spectral prior,"Choi, I., Kim, M., Gutierrez, D., Jeon, D., Nam, G.",Technical Report,Low-level: Reconstruction,https://vclab.kaist.ac.kr/siggraphasia2017p1/,https://vclab.kaist.ac.kr/siggraphasia2017p1/,https://github.com/KAIST-VCLAB/deepcassi,https://vclab.kaist.ac.kr/siggraphasia2017p1/kaistdataset.html,,True,True,True,True,https://scholar.google.com/scholar?q=High-quality+hyperspectral+reconstruction+using+a+spectral+prior+Choi+2017,https://www.semanticscholar.org/search?q=High-quality+hyperspectral+reconstruction+using+a+spectral+prior+Choi+2017,https://paperswithcode.com/search?q=High-quality+hyperspectral+reconstruction+using+a+spectral+prior,https://github.com/search?q=High-quality+hyperspectral+reconstruction+using+a+spectral+prior&type=repositories,verified project + dataset + code link,https://vclab.kaist.ac.kr/siggraphasia2017p1/kaistdataset.html,,"Choi, I., Kim, M., Gutierrez, D., Jeon, D., Nam, G., 2017. High-quality hyperspectral reconstruction using a spectral prior. Technical Report."
51,2025,Fast hyperspectral neutron tomography,"Chowdhury, M.S.N., Yang, D., Tang, S., Venkatakrishnan, S.V., Bilheux, H.Z., Buzzard, G.T., Bouman, C.A.","IEEE TCI 11, 663–677",Other / Background,,,,,,False,False,False,False,https://scholar.google.com/scholar?q=Fast+hyperspectral+neutron+tomography+Chowdhury+2025,https://www.semanticscholar.org/search?q=Fast+hyperspectral+neutron+tomography+Chowdhury+2025,https://paperswithcode.com/search?q=Fast+hyperspectral+neutron+tomography,https://github.com/search?q=Fast+hyperspectral+neutron+tomography&type=repositories,search links generated; direct paper/code/dataset links not verified,,,"Chowdhury, M.S.N., Yang, D., Tang, S., Venkatakrishnan, S.V., Bilheux, H.Z., Buzzard, G.T., Bouman, C.A., 2025. Fast hyperspectral neutron tomography. IEEE TCI 11, 663–677."
52,2021,Hyperspectral texture metrology based on joint probability of spectral and spatial distribution,"Chu, R.J., Richard, N., Chatoux, H., Fernandez-Maloigne, C., Hardeberg, J.Y.","IEEE TIP 30, 4341–4356",Other / Background,,,,,,False,False,False,False,https://scholar.google.com/scholar?q=Hyperspectral+texture+metrology+based+on+joint+probability+of+spectral+and+spatial+distribution+Chu+2021,https://www.semanticscholar.org/search?q=Hyperspectral+texture+metrology+based+on+joint+probability+of+spectral+and+spatial+distribution+Chu+2021,https://paperswithcode.com/search?q=Hyperspectral+texture+metrology+based+on+joint+probability+of+spectral+and+spatial+distribution,https://github.com/search?q=Hyperspectral+texture+metrology+based+on+joint+probability+of+spectral+and+spatial+distribution&type=repositories,search links generated; direct paper/code/dataset links not verified,,,"Chu, R.J., Richard, N., Chatoux, H., Fernandez-Maloigne, C., Hardeberg, J.Y., 2021. Hyperspectral texture metrology based on joint probability of spectral and spatial distribution. IEEE TIP 30, 4341–4356."
53,2022,Satmae: Pre-training transformers for temporal and multi-spectral satellite imagery,"Cong, Y., Khanna, S., Meng, C., Liu, P., Rozi, E., He, Y., et al.","Advances in Neural Information Processing Systems 35, 197–211",Foundation Model,https://arxiv.org/abs/2207.08051,https://sustainlab-group.github.io/SatMAE/,https://github.com/sustainlab-group/SatMAE,,,True,True,False,True,https://scholar.google.com/scholar?q=Satmae%3A+Pre-training+transformers+for+temporal+and+multi-spectral+satellite+imagery+Cong+2022,https://www.semanticscholar.org/search?q=Satmae%3A+Pre-training+transformers+for+temporal+and+multi-spectral+satellite+imagery+Cong+2022,https://paperswithcode.com/search?q=Satmae%3A+Pre-training+transformers+for+temporal+and+multi-spectral+satellite+imagery,https://github.com/search?q=Satmae%3A+Pre-training+transformers+for+temporal+and+multi-spectral+satellite+imagery&type=repositories,verified project/code link,https://sustainlab-group.github.io/SatMAE/,,"Cong, Y., Khanna, S., Meng, C., Liu, P., Rozi, E., He, Y., et al., 2022. Satmae: Pre-training transformers for temporal and multi-spectral satellite imagery. Advances in Neural Information Processing Systems 35, 197–211."
54,2014,Hyperspectral and lidar data fusion: Outcome of the 2013 grss data fusion contest,"Debes, C., Merentitis, A., Heremans, R., Hahn, J., Frangiadakis, N., Van Kasteren, T., Liao, W., Bellens, R., Pižurica, A., Gautama, S., et al.","IEEE Journal of Selected Topics in Applied Earth Observations and Remote Sensing 7, 2405–2418",Low-level: Super-resolution/Fusion,,,,,,False,False,False,False,https://scholar.google.com/scholar?q=Hyperspectral+and+lidar+data+fusion%3A+Outcome+of+the+2013+grss+data+fusion+contest+Debes+2014,https://www.semanticscholar.org/search?q=Hyperspectral+and+lidar+data+fusion%3A+Outcome+of+the+2013+grss+data+fusion+contest+Debes+2014,https://paperswithcode.com/search?q=Hyperspectral+and+lidar+data+fusion%3A+Outcome+of+the+2013+grss+data+fusion+contest,https://github.com/search?q=Hyperspectral+and+lidar+data+fusion%3A+Outcome+of+the+2013+grss+data+fusion+contest&type=repositories,search links generated; direct paper/code/dataset links not verified,,,"Debes, C., Merentitis, A., Heremans, R., Hahn, J., Frangiadakis, N., Van Kasteren, T., Liao, W., Bellens, R., Pižurica, A., Gautama, S., et al., 2014. Hyperspectral and lidar data fusion: Outcome of the 2013 grss data fusion contest. IEEE Journal of Selected Topics in Applied Earth Observations and Remote Sensing 7, 2405–2418."
55,2023,Psrt: Pyramid shuffle-and-reshuffle transformer for multispectral and hyperspectral image fusion,"Deng, S.Q., Deng, L.J., Wu, X., Ran, R., Hong, D., Vivone, G.","IEEE TGRS 61, 1–15",Low-level: Super-resolution/Fusion,https://ieeexplore.ieee.org/document/10044141/,,https://github.com/shangqideng/PSRT,,,True,True,False,False,https://scholar.google.com/scholar?q=Psrt%3A+Pyramid+shuffle-and-reshuffle+transformer+for+multispectral+and+hyperspectral+image+fusion+Deng+2023,https://www.semanticscholar.org/search?q=Psrt%3A+Pyramid+shuffle-and-reshuffle+transformer+for+multispectral+and+hyperspectral+image+fusion+Deng+2023,https://paperswithcode.com/search?q=Psrt%3A+Pyramid+shuffle-and-reshuffle+transformer+for+multispectral+and+hyperspectral+image+fusion,https://github.com/search?q=Psrt%3A+Pyramid+shuffle-and-reshuffle+transformer+for+multispectral+and+hyperspectral+image+fusion&type=repositories,verified code link,https://github.com/shangqideng/PSRT,,"Deng, S.Q., Deng, L.J., Wu, X., Ran, R., Hong, D., Vivone, G., 2023. Psrt: Pyramid shuffle-and-reshuffle transformer for multispectral and hyperspectral image fusion. IEEE TGRS 61, 1–15."
56,1995,Computed-tomography imaging spectrometer: experimental calibration and reconstruction results,"Descour, M., Dereniak, E.","Applied optics 34, 4817–4826",Low-level: Reconstruction,,,,,,False,False,False,False,https://scholar.google.com/scholar?q=Computed-tomography+imaging+spectrometer%3A+experimental+calibration+and+reconstruction+results+Descour+1995,https://www.semanticscholar.org/search?q=Computed-tomography+imaging+spectrometer%3A+experimental+calibration+and+reconstruction+results+Descour+1995,https://paperswithcode.com/search?q=Computed-tomography+imaging+spectrometer%3A+experimental+calibration+and+reconstruction+results,https://github.com/search?q=Computed-tomography+imaging+spectrometer%3A+experimental+calibration+and+reconstruction+results&type=repositories,search links generated; direct paper/code/dataset links not verified,,,"Descour, M., Dereniak, E., 1995. Computed-tomography imaging spectrometer: experimental calibration and reconstruction results. Applied optics 34, 4817–4826."
57,2010,Studies on hyperspectral face recognition in visible spectrum with feature band selection,"Di, W., Zhang, L., Zhang, D., Pan, Q.","IEEE Transactions on Systems, Man, and Cybernetics-Part A: Systems and Humans 40, 1354–1361",High-level: Segmentation/Detection/Tracking,,,,,,False,False,False,False,https://scholar.google.com/scholar?q=Studies+on+hyperspectral+face+recognition+in+visible+spectrum+with+feature+band+selection+Di+2010,https://www.semanticscholar.org/search?q=Studies+on+hyperspectral+face+recognition+in+visible+spectrum+with+feature+band+selection+Di+2010,https://paperswithcode.com/search?q=Studies+on+hyperspectral+face+recognition+in+visible+spectrum+with+feature+band+selection,https://github.com/search?q=Studies+on+hyperspectral+face+recognition+in+visible+spectrum+with+feature+band+selection&type=repositories,search links generated; direct paper/code/dataset links not verified,,,"Di, W., Zhang, L., Zhang, D., Pan, Q., 2010. Studies on hyperspectral face recognition in visible spectrum with feature band selection. IEEE Transactions on Systems, Man, and Cybernetics-Part A: Systems and Humans 40, 1354–1361."
58,2017,Hyperspectral image super-resolution via non-local sparse tensor factorization,"Dian, R., Fang, L., Li, S.","in: Proceedings of the IEEE Conference on Computer Vision and Pattern Recognition, pp. 5344–5353",Low-level: Super-resolution/Fusion,,,,,,False,False,False,False,https://scholar.google.com/scholar?q=Hyperspectral+image+super-resolution+via+non-local+sparse+tensor+factorization+Dian+2017,https://www.semanticscholar.org/search?q=Hyperspectral+image+super-resolution+via+non-local+sparse+tensor+factorization+Dian+2017,https://paperswithcode.com/search?q=Hyperspectral+image+super-resolution+via+non-local+sparse+tensor+factorization,https://github.com/search?q=Hyperspectral+image+super-resolution+via+non-local+sparse+tensor+factorization&type=repositories,search links generated; direct paper/code/dataset links not verified,,,"Dian, R., Fang, L., Li, S., 2017. Hyperspectral image super-resolution via non-local sparse tensor factorization, in: Proceedings of the IEEE Conference on Computer Vision and Pattern Recognition, pp. 5344–5353."
59,2018,Deep hyperspectral image sharpening,"Dian, R., Li, S., Guo, A., Fang, L.","IEEE TNNLS 29, 5345–5355",Low-level: Super-resolution/Fusion,,,,,,False,False,False,False,https://scholar.google.com/scholar?q=Deep+hyperspectral+image+sharpening+Dian+2018,https://www.semanticscholar.org/search?q=Deep+hyperspectral+image+sharpening+Dian+2018,https://paperswithcode.com/search?q=Deep+hyperspectral+image+sharpening,https://github.com/search?q=Deep+hyperspectral+image+sharpening&type=repositories,search links generated; direct paper/code/dataset links not verified,,,"Dian, R., Li, S., Guo, A., Fang, L., 2018. Deep hyperspectral image sharpening. IEEE TNNLS 29, 5345–5355."
60,2023,Dual fusion network for hyperspectral semantic segmentation,"Ding, X., Gu, S., Yang, J.","in: International Conference on Image and Graphics, Springer. pp. 149–161",Low-level: Super-resolution/Fusion,,,,,,False,False,False,False,https://scholar.google.com/scholar?q=Dual+fusion+network+for+hyperspectral+semantic+segmentation+Ding+2023,https://www.semanticscholar.org/search?q=Dual+fusion+network+for+hyperspectral+semantic+segmentation+Ding+2023,https://paperswithcode.com/search?q=Dual+fusion+network+for+hyperspectral+semantic+segmentation,https://github.com/search?q=Dual+fusion+network+for+hyperspectral+semantic+segmentation&type=repositories,search links generated; direct paper/code/dataset links not verified,,,"Ding, X., Gu, S., Yang, J., 2023. Dual fusion network for hyperspectral semantic segmentation, in: International Conference on Image and Graphics, Springer. pp. 149–161."
61,2021,Correction of invalid data based on spatial dimension information of a temporally and spatially modulated spatial heterodyne interference imaging spectrometer,"Ding, Y., Luo, H., Shi, H., Li, Z., Han, Y., Li, S., Xiong, W.","Applied Optics 60, 6614–6622",Physics/Sensing,,,,,,False,False,False,False,https://scholar.google.com/scholar?q=Correction+of+invalid+data+based+on+spatial+dimension+information+of+a+temporally+and+spatially+modulated+spatial+heterodyne+interference+imaging+spectrometer+Ding+2021,https://www.semanticscholar.org/search?q=Correction+of+invalid+data+based+on+spatial+dimension+information+of+a+temporally+and+spatially+modulated+spatial+heterodyne+interference+imaging+spectrometer+Ding+2021,https://paperswithcode.com/search?q=Correction+of+invalid+data+based+on+spatial+dimension+information+of+a+temporally+and+spatially+modulated+spatial+heterodyne+interference+imaging+spectrometer,https://github.com/search?q=Correction+of+invalid+data+based+on+spatial+dimension+information+of+a+temporally+and+spatially+modulated+spatial+heterodyne+interference+imaging+spectrometer&type=repositories,search links generated; direct paper/code/dataset links not verified,,,"Ding, Y., Luo, H., Shi, H., Li, Z., Han, Y., Li, S., Xiong, W., 2021. Correction of invalid data based on spatial dimension information of a temporally and spatially modulated spatial heterodyne interference imaging spectrometer. Applied Optics 60, 6614–6622."
62,2023,Noise prior knowledge informed bayesian inference network for hyperspectral super-resolution,"Dong, W., Qu, J., Xiao, S., Zhang, T., Li, Y., Jia, X.","IEEE TIP 32, 3121–3135",Low-level: Super-resolution/Fusion,,,,,,False,False,False,False,https://scholar.google.com/scholar?q=Noise+prior+knowledge+informed+bayesian+inference+network+for+hyperspectral+super-resolution+Dong+2023,https://www.semanticscholar.org/search?q=Noise+prior+knowledge+informed+bayesian+inference+network+for+hyperspectral+super-resolution+Dong+2023,https://paperswithcode.com/search?q=Noise+prior+knowledge+informed+bayesian+inference+network+for+hyperspectral+super-resolution,https://github.com/search?q=Noise+prior+knowledge+informed+bayesian+inference+network+for+hyperspectral+super-resolution&type=repositories,search links generated; direct paper/code/dataset links not verified,,,"Dong, W., Qu, J., Xiao, S., Zhang, T., Li, Y., Jia, X., 2023. Noise prior knowledge informed bayesian inference network for hyperspectral super-resolution. IEEE TIP 32, 3121–3135."
63,2021,Model-guided deep hyperspectral image super-resolution,"Dong, W., Zhou, C., Wu, F., Wu, J., Shi, G., Li, X.","IEEE TIP 30, 5754–5768",Low-level: Super-resolution/Fusion,,,,,,False,False,False,False,https://scholar.google.com/scholar?q=Model-guided+deep+hyperspectral+image+super-resolution+Dong+2021,https://www.semanticscholar.org/search?q=Model-guided+deep+hyperspectral+image+super-resolution+Dong+2021,https://paperswithcode.com/search?q=Model-guided+deep+hyperspectral+image+super-resolution,https://github.com/search?q=Model-guided+deep+hyperspectral+image+super-resolution&type=repositories,search links generated; direct paper/code/dataset links not verified,,,"Dong, W., Zhou, C., Wu, F., Wu, J., Shi, G., Li, X., 2021. Model-guided deep hyperspectral image super-resolution. IEEE TIP 30, 5754–5768."
64,2006,Compressed sensing,"Donoho, D.L.","IEEE Transactions on information theory 52, 1289–1306",Physics/Sensing,,,,,,False,False,False,False,https://scholar.google.com/scholar?q=Compressed+sensing+Donoho+2006,https://www.semanticscholar.org/search?q=Compressed+sensing+Donoho+2006,https://paperswithcode.com/search?q=Compressed+sensing,https://github.com/search?q=Compressed+sensing&type=repositories,search links generated; direct paper/code/dataset links not verified,,,"Donoho, D.L., 2006. Compressed sensing. IEEE Transactions on information theory 52, 1289–1306."
65,2025,"Absorption-based, passive range imaging from hyperspectral thermal measurements","Dorken Gallastegi, U., Rueda-Chacón, H., Stevens, M.J., Goyal, V.K.","IEEE TPAMI 47, 4044–4060",Other / Background,,,,,,False,False,False,False,https://scholar.google.com/scholar?q=Absorption-based%2C+passive+range+imaging+from+hyperspectral+thermal+measurements+Dorken+Gallastegi+2025,https://www.semanticscholar.org/search?q=Absorption-based%2C+passive+range+imaging+from+hyperspectral+thermal+measurements+Dorken+Gallastegi+2025,https://paperswithcode.com/search?q=Absorption-based%2C+passive+range+imaging+from+hyperspectral+thermal+measurements,https://github.com/search?q=Absorption-based%2C+passive+range+imaging+from+hyperspectral+thermal+measurements&type=repositories,search links generated; direct paper/code/dataset links not verified,,,"Dorken Gallastegi, U., Rueda-Chacón, H., Stevens, M.J., Goyal, V.K., 2025. Absorption-based, passive range imaging from hyperspectral thermal measurements. IEEE TPAMI 47, 4044–4060."
66,2016,Blind hyperspectral unmixing using an extended linear mixing model to address spectral variability,"Drumetz, L., Veganzones, M.A., Henrot, S., Phlypo, R., Chanussot, J., Jutten, C.","IEEE TIP 25, 3890–3905",Other / Background,,,,,,False,False,False,False,https://scholar.google.com/scholar?q=Blind+hyperspectral+unmixing+using+an+extended+linear+mixing+model+to+address+spectral+variability+Drumetz+2016,https://www.semanticscholar.org/search?q=Blind+hyperspectral+unmixing+using+an+extended+linear+mixing+model+to+address+spectral+variability+Drumetz+2016,https://paperswithcode.com/search?q=Blind+hyperspectral+unmixing+using+an+extended+linear+mixing+model+to+address+spectral+variability,https://github.com/search?q=Blind+hyperspectral+unmixing+using+an+extended+linear+mixing+model+to+address+spectral+variability&type=repositories,search links generated; direct paper/code/dataset links not verified,,,"Drumetz, L., Veganzones, M.A., Henrot, S., Phlypo, R., Chanussot, J., Jutten, C., 2016. Blind hyperspectral unmixing using an extended linear mixing model to address spectral variability. IEEE TIP 25, 3890–3905."
67,2009,A prism-based system for multispectral video acquisition,"Du, H., Tong, X., Cao, X., Lin, S.","in: 2009 IEEE 12th International Conference on Computer Vision, IEEE. pp. 175–182",Other / Background,,,,,,False,False,False,False,https://scholar.google.com/scholar?q=A+prism-based+system+for+multispectral+video+acquisition+Du+2009,https://www.semanticscholar.org/search?q=A+prism-based+system+for+multispectral+video+acquisition+Du+2009,https://paperswithcode.com/search?q=A+prism-based+system+for+multispectral+video+acquisition,https://github.com/search?q=A+prism-based+system+for+multispectral+video+acquisition&type=repositories,search links generated; direct paper/code/dataset links not verified,,,"Du, H., Tong, X., Cao, X., Lin, S., 2009. A prism-based system for multispectral video acquisition, in: 2009 IEEE 12th International Conference on Computer Vision, IEEE. pp. 175–182."
68,2023,Exploring the applicability of spectral recovery in semantic segmentation of rgb images,"Du, Z., Wei, S., Liu, T., Zhang, S., Chen, X., Zhang, S., Zhao, Y.","IEEE TMM 26, 1932–1943",Low-level: Reconstruction,,,,,,False,False,False,False,https://scholar.google.com/scholar?q=Exploring+the+applicability+of+spectral+recovery+in+semantic+segmentation+of+rgb+images+Du+2023,https://www.semanticscholar.org/search?q=Exploring+the+applicability+of+spectral+recovery+in+semantic+segmentation+of+rgb+images+Du+2023,https://paperswithcode.com/search?q=Exploring+the+applicability+of+spectral+recovery+in+semantic+segmentation+of+rgb+images,https://github.com/search?q=Exploring+the+applicability+of+spectral+recovery+in+semantic+segmentation+of+rgb+images&type=repositories,search links generated; direct paper/code/dataset links not verified,,,"Du, Z., Wei, S., Liu, T., Zhang, S., Chen, X., Zhang, S., Zhao, Y., 2023. Exploring the applicability of spectral recovery in semantic segmentation of rgb images. IEEE TMM 26, 1932–1943."
69,2025,"Automatic spectral calibration of hyperspectral images: Method, dataset and benchmark","Du, Z., You, S., Cheng, C., Wei, S.","in: Proceedings of the Computer Vision and Pattern Recognition Conference, pp. 28081–28090",Dataset,https://openaccess.thecvf.com/content/CVPR2025/papers/Du_Automatic_Spectral_Calibration_of_Hyperspectral_Images_Method_Dataset_and_Benchmark_CVPR_2025_paper.pdf,,https://github.com/duranze/Automatic-spectral-calibration-of-HSI,https://github.com/duranze/Automatic-spectral-calibration-of-HSI,,True,True,True,False,https://scholar.google.com/scholar?q=Automatic+spectral+calibration+of+hyperspectral+images%3A+Method%2C+dataset+and+benchmark+Du+2025,https://www.semanticscholar.org/search?q=Automatic+spectral+calibration+of+hyperspectral+images%3A+Method%2C+dataset+and+benchmark+Du+2025,https://paperswithcode.com/search?q=Automatic+spectral+calibration+of+hyperspectral+images%3A+Method%2C+dataset+and+benchmark,https://github.com/search?q=Automatic+spectral+calibration+of+hyperspectral+images%3A+Method%2C+dataset+and+benchmark&type=repositories,verified paper + code/dataset link,https://github.com/duranze/Automatic-spectral-calibration-of-HSI,,"Du, Z., You, S., Cheng, C., Wei, S., 2025. Automatic spectral calibration of hyperspectral images: Method, dataset and benchmark, in: Proceedings of the Computer Vision and Pattern Recognition Conference, pp. 28081–28090."
70,2019,Multichannel pulse-coupled neural network-based hyperspectral image visualization,"Duan, P., Kang, X., Li, S., Ghamisi, P.","IEEE TGRS 58, 2444–2456",Other / Background,,,,,,False,False,False,False,https://scholar.google.com/scholar?q=Multichannel+pulse-coupled+neural+network-based+hyperspectral+image+visualization+Duan+2019,https://www.semanticscholar.org/search?q=Multichannel+pulse-coupled+neural+network-based+hyperspectral+image+visualization+Duan+2019,https://paperswithcode.com/search?q=Multichannel+pulse-coupled+neural+network-based+hyperspectral+image+visualization,https://github.com/search?q=Multichannel+pulse-coupled+neural+network-based+hyperspectral+image+visualization&type=repositories,search links generated; direct paper/code/dataset links not verified,,,"Duan, P., Kang, X., Li, S., Ghamisi, P., 2019. Multichannel pulse-coupled neural network-based hyperspectral image visualization. IEEE TGRS 58, 2444–2456."
71,2024,Dlra-net: Deep local residual attention network with contextual refinement for spectral super-resolution,"El-gabri, A.R., Aly, H.A., Ghoniemy, T.S., Elshafey, M.A.","IJCV , 1–33",Low-level: Super-resolution/Fusion,,,,,,False,False,False,False,https://scholar.google.com/scholar?q=Dlra-net%3A+Deep+local+residual+attention+network+with+contextual+refinement+for+spectral+super-resolution+El-gabri+2024,https://www.semanticscholar.org/search?q=Dlra-net%3A+Deep+local+residual+attention+network+with+contextual+refinement+for+spectral+super-resolution+El-gabri+2024,https://paperswithcode.com/search?q=Dlra-net%3A+Deep+local+residual+attention+network+with+contextual+refinement+for+spectral+super-resolution,https://github.com/search?q=Dlra-net%3A+Deep+local+residual+attention+network+with+contextual+refinement+for+spectral+super-resolution&type=repositories,search links generated; direct paper/code/dataset links not verified,,,"El-gabri, A.R., Aly, H.A., Ghoniemy, T.S., Elshafey, M.A., 2024. Dlra-net: Deep local residual attention network with contextual refinement for spectral super-resolution. IJCV , 1–33."
72,2018,Hyperspectral database of fruits and vegetables,"Ennis, R., Schiller, F., Toscani, M., Gegenfurtner, K.R.","Journal of the Optical Society of America A 35, B256–B266",Dataset,,,,,,False,False,False,False,https://scholar.google.com/scholar?q=Hyperspectral+database+of+fruits+and+vegetables+Ennis+2018,https://www.semanticscholar.org/search?q=Hyperspectral+database+of+fruits+and+vegetables+Ennis+2018,https://paperswithcode.com/search?q=Hyperspectral+database+of+fruits+and+vegetables,https://github.com/search?q=Hyperspectral+database+of+fruits+and+vegetables&type=repositories,search links generated; direct paper/code/dataset links not verified,,,"Ennis, R., Schiller, F., Toscani, M., Gegenfurtner, K.R., 2018. Hyperspectral database of fruits and vegetables. Journal of the Optical Society of America A 35, B256–B266."
73,2024,Improving rgb illuminant estimation exploiting spectral average radiance,"Erba, I., Buzzelli, M., Thomas, J.B., Hardeberg, J.Y., Schettini, R.","Journal of the Optical Society of America A 41, 516–526",Physics/Sensing,,,,,,False,False,False,False,https://scholar.google.com/scholar?q=Improving+rgb+illuminant+estimation+exploiting+spectral+average+radiance+Erba+2024,https://www.semanticscholar.org/search?q=Improving+rgb+illuminant+estimation+exploiting+spectral+average+radiance+Erba+2024,https://paperswithcode.com/search?q=Improving+rgb+illuminant+estimation+exploiting+spectral+average+radiance,https://github.com/search?q=Improving+rgb+illuminant+estimation+exploiting+spectral+average+radiance&type=repositories,search links generated; direct paper/code/dataset links not verified,,,"Erba, I., Buzzelli, M., Thomas, J.B., Hardeberg, J.Y., Schettini, R., 2024. Improving rgb illuminant estimation exploiting spectral average radiance. Journal of the Optical Society of America A 41, 516–526."
74,2024,Mimo-sst: Multi-input multi-output spatial-spectral transformer for hyperspectral and multispectral image fusion,"Fang, J., Yang, J., Khader, A., Xiao, L.","IEEE TGRS 62, 1–20",Low-level: Super-resolution/Fusion,,,,,,False,False,False,False,https://scholar.google.com/scholar?q=Mimo-sst%3A+Multi-input+multi-output+spatial-spectral+transformer+for+hyperspectral+and+multispectral+image+fusion+Fang+2024,https://www.semanticscholar.org/search?q=Mimo-sst%3A+Multi-input+multi-output+spatial-spectral+transformer+for+hyperspectral+and+multispectral+image+fusion+Fang+2024,https://paperswithcode.com/search?q=Mimo-sst%3A+Multi-input+multi-output+spatial-spectral+transformer+for+hyperspectral+and+multispectral+image+fusion,https://github.com/search?q=Mimo-sst%3A+Multi-input+multi-output+spatial-spectral+transformer+for+hyperspectral+and+multispectral+image+fusion&type=repositories,search links generated; direct paper/code/dataset links not verified,,,"Fang, J., Yang, J., Khader, A., Xiao, L., 2024a. Mimo-sst: Multi-input multi-output spatial-spectral transformer for hyperspectral and multispectral image fusion. IEEE TGRS 62, 1–20."
75,2024,Deep unfolding network for hyperspectral image super-resolution with automatic exposure correction,"Fang, Y., Liu, Y., Chen, J., Long, Z., Li, A., Chi, C.Y., Zhu, C.",arXiv preprint arXiv:2403.09096 ,Low-level: Super-resolution/Fusion,https://arxiv.org/abs/2403.09096,,,,2403.09096,True,False,False,False,https://scholar.google.com/scholar?q=Deep+unfolding+network+for+hyperspectral+image+super-resolution+with+automatic+exposure+correction+Fang+2024,https://www.semanticscholar.org/search?q=Deep+unfolding+network+for+hyperspectral+image+super-resolution+with+automatic+exposure+correction+Fang+2024,https://paperswithcode.com/search?q=Deep+unfolding+network+for+hyperspectral+image+super-resolution+with+automatic+exposure+correction,https://github.com/search?q=Deep+unfolding+network+for+hyperspectral+image+super-resolution+with+automatic+exposure+correction&type=repositories,arXiv URL parsed from reference; other direct links not verified,,,"Fang, Y., Liu, Y., Chen, J., Long, Z., Li, A., Chi, C.Y., Zhu, C., 2024b. Deep unfolding network for hyperspectral image super-resolution with automatic exposure correction. arXiv preprint arXiv:2403.09096 ."
76,2024,Cs2dips: Unsupervised hsi super-resolution using coupled spatial and spectral dips,"Fang, Y., Liu, Y., Chi, C.Y., Long, Z., Zhu, C.",IEEE TIP ,Low-level: Super-resolution/Fusion,,,,,,False,False,False,False,https://scholar.google.com/scholar?q=Cs2dips%3A+Unsupervised+hsi+super-resolution+using+coupled+spatial+and+spectral+dips+Fang+2024,https://www.semanticscholar.org/search?q=Cs2dips%3A+Unsupervised+hsi+super-resolution+using+coupled+spatial+and+spectral+dips+Fang+2024,https://paperswithcode.com/search?q=Cs2dips%3A+Unsupervised+hsi+super-resolution+using+coupled+spatial+and+spectral+dips,https://github.com/search?q=Cs2dips%3A+Unsupervised+hsi+super-resolution+using+coupled+spatial+and+spectral+dips&type=repositories,search links generated; direct paper/code/dataset links not verified,,,"Fang, Y., Liu, Y., Chi, C.Y., Long, Z., Zhu, C., 2024c. Cs2dips: Unsupervised hsi super-resolution using coupled spatial and spectral dips. IEEE TIP ."
77,2024,Eva-02: A visual representation for neon genesis,"Fang, Y., Sun, Q., Wang, X., Huang, T., Wang, X., Cao, Y.","Image and Vision Computing 149, 105171",Other / Background,,,,,,False,False,False,False,https://scholar.google.com/scholar?q=Eva-02%3A+A+visual+representation+for+neon+genesis+Fang+2024,https://www.semanticscholar.org/search?q=Eva-02%3A+A+visual+representation+for+neon+genesis+Fang+2024,https://paperswithcode.com/search?q=Eva-02%3A+A+visual+representation+for+neon+genesis,https://github.com/search?q=Eva-02%3A+A+visual+representation+for+neon+genesis&type=repositories,search links generated; direct paper/code/dataset links not verified,,,"Fang, Y., Sun, Q., Wang, X., Huang, T., Wang, X., Cao, Y., 2024d. Eva-02: A visual representation for neon genesis. Image and Vision Computing 149, 105171."
78,2023,Eva: Exploring the limits of masked visual representation learning at scale,"Fang, Y., Wang, W., Xie, B., Sun, Q., Wu, L., Wang, X., Huang, T., Wang, X., Cao, Y.","in: CVPR, pp. 19358–19369",Other / Background,,,,,,False,False,False,False,https://scholar.google.com/scholar?q=Eva%3A+Exploring+the+limits+of+masked+visual+representation+learning+at+scale+Fang+2023,https://www.semanticscholar.org/search?q=Eva%3A+Exploring+the+limits+of+masked+visual+representation+learning+at+scale+Fang+2023,https://paperswithcode.com/search?q=Eva%3A+Exploring+the+limits+of+masked+visual+representation+learning+at+scale,https://github.com/search?q=Eva%3A+Exploring+the+limits+of+masked+visual+representation+learning+at+scale&type=repositories,search links generated; direct paper/code/dataset links not verified,,,"Fang, Y., Wang, W., Xie, B., Sun, Q., Wu, L., Wang, X., Huang, T., Wang, X., Cao, Y., 2023. Eva: Exploring the limits of masked visual representation learning at scale, in: CVPR, pp. 19358–19369."
79,2022,Towards artificial general intelligence via a multimodal foundation model,"Fei, N., Lu, Z., Gao, Y., Yang, G., Huo, Y., Wen, J., et al.","Nature Communications 13, 3094",Foundation Model,,,,,,False,False,False,False,https://scholar.google.com/scholar?q=Towards+artificial+general+intelligence+via+a+multimodal+foundation+model+Fei+2022,https://www.semanticscholar.org/search?q=Towards+artificial+general+intelligence+via+a+multimodal+foundation+model+Fei+2022,https://paperswithcode.com/search?q=Towards+artificial+general+intelligence+via+a+multimodal+foundation+model,https://github.com/search?q=Towards+artificial+general+intelligence+via+a+multimodal+foundation+model&type=repositories,search links generated; direct paper/code/dataset links not verified,,,"Fei, N., Lu, Z., Gao, Y., Yang, G., Huo, Y., Wen, J., et al., 2022. Towards artificial general intelligence via a multimodal foundation model. Nature Communications 13, 3094."
80,2023,Information leakage in deep learning-based hyperspectral image classification: A survey,"Feng, H., Wang, Y., Li, Z., Zhang, N., Zhang, Y., Gao, Y.","Remote Sensing 15, 3793",High-level: Segmentation/Detection/Tracking,,,,,,False,False,False,False,https://scholar.google.com/scholar?q=Information+leakage+in+deep+learning-based+hyperspectral+image+classification%3A+A+survey+Feng+2023,https://www.semanticscholar.org/search?q=Information+leakage+in+deep+learning-based+hyperspectral+image+classification%3A+A+survey+Feng+2023,https://paperswithcode.com/search?q=Information+leakage+in+deep+learning-based+hyperspectral+image+classification%3A+A+survey,https://github.com/search?q=Information+leakage+in+deep+learning-based+hyperspectral+image+classification%3A+A+survey&type=repositories,search links generated; direct paper/code/dataset links not verified,,,"Feng, H., Wang, Y., Li, Z., Zhang, N., Zhang, Y., Gao, Y., 2023. Information leakage in deep learning-based hyperspectral image classification: A survey. Remote Sensing 15, 3793."
81,2024,Unsupervised spectral demosaicing with lightweight spectral attention networks,"Feng, K., Zeng, H., Zhao, Y., Kong, S.G., Bu, Y.","IEEE TIP 33, 1655–1669",Low-level: Denoising/Restoration,,,,,,False,False,False,False,https://scholar.google.com/scholar?q=Unsupervised+spectral+demosaicing+with+lightweight+spectral+attention+networks+Feng+2024,https://www.semanticscholar.org/search?q=Unsupervised+spectral+demosaicing+with+lightweight+spectral+attention+networks+Feng+2024,https://paperswithcode.com/search?q=Unsupervised+spectral+demosaicing+with+lightweight+spectral+attention+networks,https://github.com/search?q=Unsupervised+spectral+demosaicing+with+lightweight+spectral+attention+networks&type=repositories,search links generated; direct paper/code/dataset links not verified,,,"Feng, K., Zeng, H., Zhao, Y., Kong, S.G., Bu, Y., 2024. Unsupervised spectral demosaicing with lightweight spectral attention networks. IEEE TIP 33, 1655–1669."
82,2025,Masked autoencoder-based knowledge transfer for spectral reconstruction from rgb images,"Feng, L., Wang, X., Huang, Z., Wang, Y., Zhu, J., Gamba, P.","IEEE TCI 11, 1336–1348",Foundation Model,,,,,,False,False,False,False,https://scholar.google.com/scholar?q=Masked+autoencoder-based+knowledge+transfer+for+spectral+reconstruction+from+rgb+images+Feng+2025,https://www.semanticscholar.org/search?q=Masked+autoencoder-based+knowledge+transfer+for+spectral+reconstruction+from+rgb+images+Feng+2025,https://paperswithcode.com/search?q=Masked+autoencoder-based+knowledge+transfer+for+spectral+reconstruction+from+rgb+images,https://github.com/search?q=Masked+autoencoder-based+knowledge+transfer+for+spectral+reconstruction+from+rgb+images&type=repositories,search links generated; direct paper/code/dataset links not verified,,,"Feng, L., Wang, X., Huang, Z., Wang, Y., Zhu, J., Gamba, P., 2025. Masked autoencoder-based knowledge transfer for spectral reconstruction from rgb images. IEEE TCI 11, 1336–1348."
83,2002,Computer vision: a modern approach,"Forsyth, D.A., Ponce, J.",prentice hall professional technical reference,Other / Background,,,,,,False,False,False,False,https://scholar.google.com/scholar?q=Computer+vision%3A+a+modern+approach+Forsyth+2002,https://www.semanticscholar.org/search?q=Computer+vision%3A+a+modern+approach+Forsyth+2002,https://paperswithcode.com/search?q=Computer+vision%3A+a+modern+approach,https://github.com/search?q=Computer+vision%3A+a+modern+approach&type=repositories,search links generated; direct paper/code/dataset links not verified,,,"Forsyth, D.A., Ponce, J., 2002. Computer vision: a modern approach. prentice hall professional technical reference."
84,2022,Fifty hyperspectral reflectance images of outdoor scenes,"Foster, D., Amano, K., Nascimento, S.",Figshare.(doi: 10.48420/14877285) 10,Other / Background,,,,,,False,False,False,False,https://scholar.google.com/scholar?q=Fifty+hyperspectral+reflectance+images+of+outdoor+scenes+Foster+2022,https://www.semanticscholar.org/search?q=Fifty+hyperspectral+reflectance+images+of+outdoor+scenes+Foster+2022,https://paperswithcode.com/search?q=Fifty+hyperspectral+reflectance+images+of+outdoor+scenes,https://github.com/search?q=Fifty+hyperspectral+reflectance+images+of+outdoor+scenes&type=repositories,search links generated; direct paper/code/dataset links not verified,,,"Foster, D., Amano, K., Nascimento, S., 2022. Fifty hyperspectral reflectance images of outdoor scenes. Figshare.(doi: 10.48420/14877285) 10."
85,2016,Time-lapse ratios of cone excitations in natural scenes,"Foster, D.H., Amano, K., Nascimento, S.M.","Vision research 120, 45–60",Other / Background,,,,,,False,False,False,False,https://scholar.google.com/scholar?q=Time-lapse+ratios+of+cone+excitations+in+natural+scenes+Foster+2016,https://www.semanticscholar.org/search?q=Time-lapse+ratios+of+cone+excitations+in+natural+scenes+Foster+2016,https://paperswithcode.com/search?q=Time-lapse+ratios+of+cone+excitations+in+natural+scenes,https://github.com/search?q=Time-lapse+ratios+of+cone+excitations+in+natural+scenes&type=repositories,search links generated; direct paper/code/dataset links not verified,,,"Foster, D.H., Amano, K., Nascimento, S.M., 2016. Time-lapse ratios of cone excitations in natural scenes. Vision research 120, 45–60."
86,2006,Frequency of metamerism in natural scenes,"Foster, D.H., Amano, K., Nascimento, S.M., Foster, M.J.","Journal of the Optical Society of America A 23, 2359–2372",Other / Background,,,,,,False,False,False,False,https://scholar.google.com/scholar?q=Frequency+of+metamerism+in+natural+scenes+Foster+2006,https://www.semanticscholar.org/search?q=Frequency+of+metamerism+in+natural+scenes+Foster+2006,https://paperswithcode.com/search?q=Frequency+of+metamerism+in+natural+scenes,https://github.com/search?q=Frequency+of+metamerism+in+natural+scenes&type=repositories,search links generated; direct paper/code/dataset links not verified,,,"Foster, D.H., Amano, K., Nascimento, S.M., Foster, M.J., 2006. Frequency of metamerism in natural scenes. Journal of the Optical Society of America A 23, 2359–2372."
87,2004,Information limits on neural identification of colored surfaces in natural scenes,"Foster, D.H., Nascimento, S.M., Amano, K.","Visual neuroscience 21, 331–336",Other / Background,,,,,,False,False,False,False,https://scholar.google.com/scholar?q=Information+limits+on+neural+identification+of+colored+surfaces+in+natural+scenes+Foster+2004,https://www.semanticscholar.org/search?q=Information+limits+on+neural+identification+of+colored+surfaces+in+natural+scenes+Foster+2004,https://paperswithcode.com/search?q=Information+limits+on+neural+identification+of+colored+surfaces+in+natural+scenes,https://github.com/search?q=Information+limits+on+neural+identification+of+colored+surfaces+in+natural+scenes&type=repositories,search links generated; direct paper/code/dataset links not verified,,,"Foster, D.H., Nascimento, S.M., Amano, K., 2004. Information limits on neural identification of colored surfaces in natural scenes. Visual neuroscience 21, 331–336."
88,2022,Colour constancy failures expected in colourful environments,"Foster, D.H., Reeves, A.","Proceedings of the Royal Society B 289, 20212483",Other / Background,,,,,,False,False,False,False,https://scholar.google.com/scholar?q=Colour+constancy+failures+expected+in+colourful+environments+Foster+2022,https://www.semanticscholar.org/search?q=Colour+constancy+failures+expected+in+colourful+environments+Foster+2022,https://paperswithcode.com/search?q=Colour+constancy+failures+expected+in+colourful+environments,https://github.com/search?q=Colour+constancy+failures+expected+in+colourful+environments&type=repositories,search links generated; direct paper/code/dataset links not verified,,,"Foster, D.H., Reeves, A., 2022. Colour constancy failures expected in colourful environments. Proceedings of the Royal Society B 289, 20212483."
89,2025,Constrained conditional denoising diffusion for hyperspectral-multispectral fusion,"Fowler, J.E.","IEEE TCI , 1–11doi:10.1109/TCI. 2025.3643318",Low-level: Super-resolution/Fusion,,,,,,False,False,False,False,https://scholar.google.com/scholar?q=Constrained+conditional+denoising+diffusion+for+hyperspectral-multispectral+fusion+Fowler+2025,https://www.semanticscholar.org/search?q=Constrained+conditional+denoising+diffusion+for+hyperspectral-multispectral+fusion+Fowler+2025,https://paperswithcode.com/search?q=Constrained+conditional+denoising+diffusion+for+hyperspectral-multispectral+fusion,https://github.com/search?q=Constrained+conditional+denoising+diffusion+for+hyperspectral-multispectral+fusion&type=repositories,search links generated; direct paper/code/dataset links not verified,,,"Fowler, J.E., 2025. Constrained conditional denoising diffusion for hyperspectral-multispectral fusion. IEEE TCI , 1–11doi:10.1109/TCI. 2025.3643318."
90,2025,Limitations of data-driven spectral reconstruction: An optics-aware analysis,"Fu, Q., Souza, M., Choi, E., Shin, S., Baek, S.H., Heidrich, W.",IEEE TCI ,Low-level: Reconstruction,,,,,,False,False,False,False,https://scholar.google.com/scholar?q=Limitations+of+data-driven+spectral+reconstruction%3A+An+optics-aware+analysis+Fu+2025,https://www.semanticscholar.org/search?q=Limitations+of+data-driven+spectral+reconstruction%3A+An+optics-aware+analysis+Fu+2025,https://paperswithcode.com/search?q=Limitations+of+data-driven+spectral+reconstruction%3A+An+optics-aware+analysis,https://github.com/search?q=Limitations+of+data-driven+spectral+reconstruction%3A+An+optics-aware+analysis&type=repositories,search links generated; direct paper/code/dataset links not verified,,,"Fu, Q., Souza, M., Choi, E., Shin, S., Baek, S.H., Heidrich, W., 2025. Limitations of data-driven spectral reconstruction: An optics-aware analysis. IEEE TCI ."
91,2023,Category-level band learning-based feature extraction for hyperspectral image classification,"Fu, Y., Liu, H., Zou, Y., Wang, S., Li, Z., Zheng, D.","IEEE TGRS 62, 1–16",High-level: Segmentation/Detection/Tracking,,,,,,False,False,False,False,https://scholar.google.com/scholar?q=Category-level+band+learning-based+feature+extraction+for+hyperspectral+image+classification+Fu+2023,https://www.semanticscholar.org/search?q=Category-level+band+learning-based+feature+extraction+for+hyperspectral+image+classification+Fu+2023,https://paperswithcode.com/search?q=Category-level+band+learning-based+feature+extraction+for+hyperspectral+image+classification,https://github.com/search?q=Category-level+band+learning-based+feature+extraction+for+hyperspectral+image+classification&type=repositories,search links generated; direct paper/code/dataset links not verified,,,"Fu, Y., Liu, H., Zou, Y., Wang, S., Li, Z., Zheng, D., 2023. Category-level band learning-based feature extraction for hyperspectral image classification. IEEE TGRS 62, 1–16."
92,2021,Coded hyperspectral image reconstruction using deep external and internal learning,"Fu, Y., Zhang, T., Wang, L., Huang, H.","IEEE TPAMI 44, 3404–3420",Low-level: Reconstruction,,,,,,False,False,False,False,https://scholar.google.com/scholar?q=Coded+hyperspectral+image+reconstruction+using+deep+external+and+internal+learning+Fu+2021,https://www.semanticscholar.org/search?q=Coded+hyperspectral+image+reconstruction+using+deep+external+and+internal+learning+Fu+2021,https://paperswithcode.com/search?q=Coded+hyperspectral+image+reconstruction+using+deep+external+and+internal+learning,https://github.com/search?q=Coded+hyperspectral+image+reconstruction+using+deep+external+and+internal+learning&type=repositories,search links generated; direct paper/code/dataset links not verified,,,"Fu, Y., Zhang, T., Wang, L., Huang, H., 2021. Coded hyperspectral image reconstruction using deep external and internal learning. IEEE TPAMI 44, 3404–3420."
93,2020,Joint camera spectral response selection and hyperspectral image recovery,"Fu, Y., Zhang, T., Zheng, Y., Zhang, D., Huang, H.","IEEE TPAMI 44, 256–272",Low-level: Reconstruction,,,,,,False,False,False,False,https://scholar.google.com/scholar?q=Joint+camera+spectral+response+selection+and+hyperspectral+image+recovery+Fu+2020,https://www.semanticscholar.org/search?q=Joint+camera+spectral+response+selection+and+hyperspectral+image+recovery+Fu+2020,https://paperswithcode.com/search?q=Joint+camera+spectral+response+selection+and+hyperspectral+image+recovery,https://github.com/search?q=Joint+camera+spectral+response+selection+and+hyperspectral+image+recovery&type=repositories,search links generated; direct paper/code/dataset links not verified,,,"Fu, Y., Zhang, T., Zheng, Y., Zhang, D., Huang, H., 2020. Joint camera spectral response selection and hyperspectral image recovery. IEEE TPAMI 44, 256–272."
94,2022,Eliminating temporal illumination variations in whisk-broom hyperspectral imaging,"Funatomi, T., Ogawa, T., Tanaka, K., Kubo, H., Caron, G., Mouaddib, E.M., Matsushita, Y., Mukaigawa, Y.","IJCV 130, 1310–1324",Physics/Sensing,,,,,,False,False,False,False,https://scholar.google.com/scholar?q=Eliminating+temporal+illumination+variations+in+whisk-broom+hyperspectral+imaging+Funatomi+2022,https://www.semanticscholar.org/search?q=Eliminating+temporal+illumination+variations+in+whisk-broom+hyperspectral+imaging+Funatomi+2022,https://paperswithcode.com/search?q=Eliminating+temporal+illumination+variations+in+whisk-broom+hyperspectral+imaging,https://github.com/search?q=Eliminating+temporal+illumination+variations+in+whisk-broom+hyperspectral+imaging&type=repositories,search links generated; direct paper/code/dataset links not verified,,,"Funatomi, T., Ogawa, T., Tanaka, K., Kubo, H., Caron, G., Mouaddib, E.M., Matsushita, Y., Mukaigawa, Y., 2022. Eliminating temporal illumination variations in whisk-broom hyperspectral imaging. IJCV 130, 1310–1324."
95,2025,Hyperspectral adapter for object tracking based on hyperspectral video,"Gao, L., Zhang, Y., Chen, L., Jiang, Y., Xie, W., Li, Y.",arXiv preprint arXiv:2503.22199 ,Foundation Model,https://arxiv.org/abs/2503.22199,,,,2503.22199,True,False,False,False,https://scholar.google.com/scholar?q=Hyperspectral+adapter+for+object+tracking+based+on+hyperspectral+video+Gao+2025,https://www.semanticscholar.org/search?q=Hyperspectral+adapter+for+object+tracking+based+on+hyperspectral+video+Gao+2025,https://paperswithcode.com/search?q=Hyperspectral+adapter+for+object+tracking+based+on+hyperspectral+video,https://github.com/search?q=Hyperspectral+adapter+for+object+tracking+based+on+hyperspectral+video&type=repositories,arXiv URL parsed from reference; other direct links not verified,,,"Gao, L., Zhang, Y., Chen, L., Jiang, Y., Xie, W., Li, Y., 2025. Hyperspectral adapter for object tracking based on hyperspectral video. arXiv preprint arXiv:2503.22199 ."
96,2000,Imaging spectroscopy using tunable filters: a review,"Gat, N.","Wavelet Applications VII 4056, 50–64",Physics/Sensing,,,,,,False,False,False,False,https://scholar.google.com/scholar?q=Imaging+spectroscopy+using+tunable+filters%3A+a+review+Gat+2000,https://www.semanticscholar.org/search?q=Imaging+spectroscopy+using+tunable+filters%3A+a+review+Gat+2000,https://paperswithcode.com/search?q=Imaging+spectroscopy+using+tunable+filters%3A+a+review,https://github.com/search?q=Imaging+spectroscopy+using+tunable+filters%3A+a+review&type=repositories,search links generated; direct paper/code/dataset links not verified,,,"Gat, N., 2000. Imaging spectroscopy using tunable filters: a review. Wavelet Applications VII 4056, 50–64."
97,2014,A compact snapshot multispectral imager with a monolithically integrated per-pixel filter mosaic,"Geelen, B., Tack, N., Lambrechts, A.","in: Advanced fabrication technologies for micro/nano optics and photonics VII, SPIE. pp. 80–87",Low-level: Reconstruction,,,,,,False,False,False,False,https://scholar.google.com/scholar?q=A+compact+snapshot+multispectral+imager+with+a+monolithically+integrated+per-pixel+filter+mosaic+Geelen+2014,https://www.semanticscholar.org/search?q=A+compact+snapshot+multispectral+imager+with+a+monolithically+integrated+per-pixel+filter+mosaic+Geelen+2014,https://paperswithcode.com/search?q=A+compact+snapshot+multispectral+imager+with+a+monolithically+integrated+per-pixel+filter+mosaic,https://github.com/search?q=A+compact+snapshot+multispectral+imager+with+a+monolithically+integrated+per-pixel+filter+mosaic&type=repositories,search links generated; direct paper/code/dataset links not verified,,,"Geelen, B., Tack, N., Lambrechts, A., 2014. A compact snapshot multispectral imager with a monolithically integrated per-pixel filter mosaic, in: Advanced fabrication technologies for micro/nano optics and photonics VII, SPIE. pp. 80–87."
98,2024,Event-enhanced snapshot mosaic hyperspectral frame deblurring,"Geng, M., Wang, L., Zhu, L., Zhang, W., Xiong, R., Tian, Y.",IEEE TPAMI ,Low-level: Reconstruction,,,,,,False,False,False,False,https://scholar.google.com/scholar?q=Event-enhanced+snapshot+mosaic+hyperspectral+frame+deblurring+Geng+2024,https://www.semanticscholar.org/search?q=Event-enhanced+snapshot+mosaic+hyperspectral+frame+deblurring+Geng+2024,https://paperswithcode.com/search?q=Event-enhanced+snapshot+mosaic+hyperspectral+frame+deblurring,https://github.com/search?q=Event-enhanced+snapshot+mosaic+hyperspectral+frame+deblurring&type=repositories,search links generated; direct paper/code/dataset links not verified,,,"Geng, M., Wang, L., Zhu, L., Zhang, W., Xiong, R., Tian, Y., 2024a. Event-enhanced snapshot mosaic hyperspectral frame deblurring. IEEE TPAMI ."
99,2024,Towards ultra high-speed hyperspectral imaging by integrating compressive and neuromorphic sampling,"Geng, M., Wang, L., Zhu, L., Zhang, W., Xiong, R., Tian, Y.","IJCV , 1–24",Other / Background,,,,,,False,False,False,False,https://scholar.google.com/scholar?q=Towards+ultra+high-speed+hyperspectral+imaging+by+integrating+compressive+and+neuromorphic+sampling+Geng+2024,https://www.semanticscholar.org/search?q=Towards+ultra+high-speed+hyperspectral+imaging+by+integrating+compressive+and+neuromorphic+sampling+Geng+2024,https://paperswithcode.com/search?q=Towards+ultra+high-speed+hyperspectral+imaging+by+integrating+compressive+and+neuromorphic+sampling,https://github.com/search?q=Towards+ultra+high-speed+hyperspectral+imaging+by+integrating+compressive+and+neuromorphic+sampling&type=repositories,search links generated; direct paper/code/dataset links not verified,,,"Geng, M., Wang, L., Zhu, L., Zhang, W., Xiong, R., Tian, Y., 2024b. Towards ultra high-speed hyperspectral imaging by integrating compressive and neuromorphic sampling. IJCV , 1–24."
100,2012,Color in computer vision: fundamentals and applications,"Gevers, T., Gijsenij, A., Van de Weijer, J., Geusebroek, J.M.",John Wiley & Sons,Other / Background,,,,,,False,False,False,False,https://scholar.google.com/scholar?q=Color+in+computer+vision%3A+fundamentals+and+applications+Gevers+2012,https://www.semanticscholar.org/search?q=Color+in+computer+vision%3A+fundamentals+and+applications+Gevers+2012,https://paperswithcode.com/search?q=Color+in+computer+vision%3A+fundamentals+and+applications,https://github.com/search?q=Color+in+computer+vision%3A+fundamentals+and+applications&type=repositories,search links generated; direct paper/code/dataset links not verified,,,"Gevers, T., Gijsenij, A., Van de Weijer, J., Geusebroek, J.M., 2012. Color in computer vision: fundamentals and applications. John Wiley & Sons."
101,2023,Connections between deep equilibrium and sparse representation models with application to hyperspectral image denoising,"Gkillas, A., Ampeliotis, D., Berberidis, K.","IEEE TIP 32, 1513–1528",Low-level: Denoising/Restoration,,,,,,False,False,False,False,https://scholar.google.com/scholar?q=Connections+between+deep+equilibrium+and+sparse+representation+models+with+application+to+hyperspectral+image+denoising+Gkillas+2023,https://www.semanticscholar.org/search?q=Connections+between+deep+equilibrium+and+sparse+representation+models+with+application+to+hyperspectral+image+denoising+Gkillas+2023,https://paperswithcode.com/search?q=Connections+between+deep+equilibrium+and+sparse+representation+models+with+application+to+hyperspectral+image+denoising,https://github.com/search?q=Connections+between+deep+equilibrium+and+sparse+representation+models+with+application+to+hyperspectral+image+denoising&type=repositories,search links generated; direct paper/code/dataset links not verified,,,"Gkillas, A., Ampeliotis, D., Berberidis, K., 2023. Connections between deep equilibrium and sparse representation models with application to hyperspectral image denoising. IEEE TIP 32, 1513–1528."
102,2024,Beyond rgb: a real world dataset for multispectral imaging in mobile devices,"Glatt, O., Ater, Y., Kim, W.S., Werman, S., Berby, O., Zini, Y., Zelinger, S., Lee, S., Choi, H., Soloveichik, E.","in: WACV, pp. 4344–4354",Dataset,https://openaccess.thecvf.com/content/WACV2024/papers/Glatt_Beyond_RGB_A_Real_World_Dataset_for_Multispectral_Imaging_in_WACV_2024_paper.pdf,,https://github.com/shirawerman/Beyond-RGB,https://zenodo.org/records/16848482,,True,True,True,False,https://scholar.google.com/scholar?q=Beyond+rgb%3A+a+real+world+dataset+for+multispectral+imaging+in+mobile+devices+Glatt+2024,https://www.semanticscholar.org/search?q=Beyond+rgb%3A+a+real+world+dataset+for+multispectral+imaging+in+mobile+devices+Glatt+2024,https://paperswithcode.com/search?q=Beyond+rgb%3A+a+real+world+dataset+for+multispectral+imaging+in+mobile+devices,https://github.com/search?q=Beyond+rgb%3A+a+real+world+dataset+for+multispectral+imaging+in+mobile+devices&type=repositories,verified paper + dataset/code link,https://github.com/shirawerman/Beyond-RGB,,"Glatt, O., Ater, Y., Kim, W.S., Werman, S., Berby, O., Zini, Y., Zelinger, S., Lee, S., Choi, H., Soloveichik, E., 2024. Beyond rgb: a real world dataset for multispectral imaging in mobile devices, in: WACV, pp. 4344–4354."
103,1998,Imaging spectroscopy and the airborne visible/infrared imaging spectrometer (aviris),"Green, R.O., Eastwood, M.L., Sarture, C.M., Chrien, T.G., Aronsson, M., Chippendale, B.J., Faust, J.A., Pavri, B.E., Chovit, C.J., Solis, M., et al.","Remote sensing of environment 65, 227–248",Physics/Sensing,,,,,,False,False,False,False,https://scholar.google.com/scholar?q=Imaging+spectroscopy+and+the+airborne+visible%2Finfrared+imaging+spectrometer+%28aviris%29+Green+1998,https://www.semanticscholar.org/search?q=Imaging+spectroscopy+and+the+airborne+visible%2Finfrared+imaging+spectrometer+%28aviris%29+Green+1998,https://paperswithcode.com/search?q=Imaging+spectroscopy+and+the+airborne+visible%2Finfrared+imaging+spectrometer+%28aviris%29,https://github.com/search?q=Imaging+spectroscopy+and+the+airborne+visible%2Finfrared+imaging+spectrometer+%28aviris%29&type=repositories,search links generated; direct paper/code/dataset links not verified,,,"Green, R.O., Eastwood, M.L., Sarture, C.M., Chrien, T.G., Aronsson, M., Chippendale, B.J., Faust, J.A., Pavri, B.E., Chovit, C.J., Solis, M., et al., 1998. Imaging spectroscopy and the airborne visible/infrared imaging spectrometer (aviris). Remote sensing of environment 65, 227–248."
104,2023,Hyperspectral image segmentation: a comprehensive survey,"Grewal, R., Kasana, S.S., Kasana, G.","Multimedia Tools and Applications 82, 20819–20872",High-level: Segmentation/Detection/Tracking,,,,,,False,False,False,False,https://scholar.google.com/scholar?q=Hyperspectral+image+segmentation%3A+a+comprehensive+survey+Grewal+2023,https://www.semanticscholar.org/search?q=Hyperspectral+image+segmentation%3A+a+comprehensive+survey+Grewal+2023,https://paperswithcode.com/search?q=Hyperspectral+image+segmentation%3A+a+comprehensive+survey,https://github.com/search?q=Hyperspectral+image+segmentation%3A+a+comprehensive+survey&type=repositories,search links generated; direct paper/code/dataset links not verified,,,"Grewal, R., Kasana, S.S., Kasana, G., 2023. Hyperspectral image segmentation: a comprehensive survey. Multimedia Tools and Applications 82, 20819–20872."
105,2023,Mamba: Linear-time sequence modeling with selective state spaces,"Gu, A., Dao, T.",arXiv preprint arXiv:2312.00752 ,Other / Background,https://arxiv.org/abs/2312.00752,,,,2312.00752,True,False,False,False,https://scholar.google.com/scholar?q=Mamba%3A+Linear-time+sequence+modeling+with+selective+state+spaces+Gu+2023,https://www.semanticscholar.org/search?q=Mamba%3A+Linear-time+sequence+modeling+with+selective+state+spaces+Gu+2023,https://paperswithcode.com/search?q=Mamba%3A+Linear-time+sequence+modeling+with+selective+state+spaces,https://github.com/search?q=Mamba%3A+Linear-time+sequence+modeling+with+selective+state+spaces&type=repositories,arXiv URL parsed from reference; other direct links not verified,,,"Gu, A., Dao, T., 2023. Mamba: Linear-time sequence modeling with selective state spaces. arXiv preprint arXiv:2312.00752 ."
106,2018,A hyperspectral dermoscopy dataset for melanoma detection,"Gu, Y., Partridge, Y.P., Zhou, J.","in: International Workshop on Computer- Assisted and Robotic Endoscopy, Springer. pp. 268–276",Dataset,,,,,,False,False,False,False,https://scholar.google.com/scholar?q=A+hyperspectral+dermoscopy+dataset+for+melanoma+detection+Gu+2018,https://www.semanticscholar.org/search?q=A+hyperspectral+dermoscopy+dataset+for+melanoma+detection+Gu+2018,https://paperswithcode.com/search?q=A+hyperspectral+dermoscopy+dataset+for+melanoma+detection,https://github.com/search?q=A+hyperspectral+dermoscopy+dataset+for+melanoma+detection&type=repositories,search links generated; direct paper/code/dataset links not verified,,,"Gu, Y., Partridge, Y.P., Zhou, J., 2018. A hyperspectral dermoscopy dataset for melanoma detection, in: International Workshop on Computer- Assisted and Robotic Endoscopy, Springer. pp. 268–276."
107,2024,Deep learning techniques for hyperspectral image analysis in agriculture: A review,"Guerri, M.F., Distante, C., Spagnolo, P., Bougourzi, F., Taleb-Ahmed, A.","ISPRS Open Journal of Photogrammetry and Remote Sensing 12, 100062",Physics/Sensing,,,,,,False,False,False,False,https://scholar.google.com/scholar?q=Deep+learning+techniques+for+hyperspectral+image+analysis+in+agriculture%3A+A+review+Guerri+2024,https://www.semanticscholar.org/search?q=Deep+learning+techniques+for+hyperspectral+image+analysis+in+agriculture%3A+A+review+Guerri+2024,https://paperswithcode.com/search?q=Deep+learning+techniques+for+hyperspectral+image+analysis+in+agriculture%3A+A+review,https://github.com/search?q=Deep+learning+techniques+for+hyperspectral+image+analysis+in+agriculture%3A+A+review&type=repositories,search links generated; direct paper/code/dataset links not verified,,,"Guerri, M.F., Distante, C., Spagnolo, P., Bougourzi, F., Taleb-Ahmed, A., 2024. Deep learning techniques for hyperspectral image analysis in agriculture: A review. ISPRS Open Journal of Photogrammetry and Remote Sensing 12, 100062."
108,2023,"Toward stable, interpretable, and lightweight hyperspectral super-resolution","Guo, W.j., Xie, W., Jiang, K., Li, Y., Lei, J., Fang, L.","in: CVPR, pp. 22272–22281",Low-level: Super-resolution/Fusion,,,,,,False,False,False,False,https://scholar.google.com/scholar?q=Toward+stable%2C+interpretable%2C+and+lightweight+hyperspectral+super-resolution+Guo+2023,https://www.semanticscholar.org/search?q=Toward+stable%2C+interpretable%2C+and+lightweight+hyperspectral+super-resolution+Guo+2023,https://paperswithcode.com/search?q=Toward+stable%2C+interpretable%2C+and+lightweight+hyperspectral+super-resolution,https://github.com/search?q=Toward+stable%2C+interpretable%2C+and+lightweight+hyperspectral+super-resolution&type=repositories,search links generated; direct paper/code/dataset links not verified,,,"Guo, W.j., Xie, W., Jiang, K., Li, Y., Lei, J., Fang, L., 2023. Toward stable, interpretable, and lightweight hyperspectral super-resolution, in: CVPR, pp. 22272–22281."
109,2023,Hsi-drive v2. 0: More data for new challenges in scene understanding for autonomous driving,"Gutiérrez-Zaballa, J., Basterretxea, K., Echanobe, J., Martínez, M.V., Martinez-Corral, U.","in: IEEE SSCI, IEEE. pp. 207–214",Dataset,,,,,,False,False,False,False,https://scholar.google.com/scholar?q=Hsi-drive+v2.+0%3A+More+data+for+new+challenges+in+scene+understanding+for+autonomous+driving+Guti%C3%A9rrez-Zaballa+2023,https://www.semanticscholar.org/search?q=Hsi-drive+v2.+0%3A+More+data+for+new+challenges+in+scene+understanding+for+autonomous+driving+Guti%C3%A9rrez-Zaballa+2023,https://paperswithcode.com/search?q=Hsi-drive+v2.+0%3A+More+data+for+new+challenges+in+scene+understanding+for+autonomous+driving,https://github.com/search?q=Hsi-drive+v2.+0%3A+More+data+for+new+challenges+in+scene+understanding+for+autonomous+driving&type=repositories,search links generated; direct paper/code/dataset links not verified,,,"Gutiérrez-Zaballa, J., Basterretxea, K., Echanobe, J., Martínez, M.V., Martinez-Corral, U., 2023. Hsi-drive v2. 0: More data for new challenges in scene understanding for autonomous driving, in: IEEE SSCI, IEEE. pp. 207–214."
110,2022,A hyperspectral and rgb dataset for building façade segmentation,"Habili, N., Kwan, E., Li, W., Webers, C., Oorloff, J., Armin, M.A., Petersson, L.","in: ECCV, Springer. pp. 258–267",Dataset,https://arxiv.org/abs/2212.02749,,,https://data.csiro.au/collection/csiro%3A55630,,True,False,True,False,https://scholar.google.com/scholar?q=A+hyperspectral+and+rgb+dataset+for+building+fa%C3%A7ade+segmentation+Habili+2022,https://www.semanticscholar.org/search?q=A+hyperspectral+and+rgb+dataset+for+building+fa%C3%A7ade+segmentation+Habili+2022,https://paperswithcode.com/search?q=A+hyperspectral+and+rgb+dataset+for+building+fa%C3%A7ade+segmentation,https://github.com/search?q=A+hyperspectral+and+rgb+dataset+for+building+fa%C3%A7ade+segmentation&type=repositories,verified paper + dataset link,https://data.csiro.au/collection/csiro%3A55630,,"Habili, N., Kwan, E., Li, W., Webers, C., Oorloff, J., Armin, M.A., Petersson, L., 2022. A hyperspectral and rgb dataset for building façade segmentation, in: ECCV, Springer. pp. 258–267."
111,2013,Review of snapshot spectral imaging technologies,"Hagen, N., Kudenov, M.W.","Optical Engineering 52, 090901–090901",Low-level: Reconstruction,,,,,,False,False,False,False,https://scholar.google.com/scholar?q=Review+of+snapshot+spectral+imaging+technologies+Hagen+2013,https://www.semanticscholar.org/search?q=Review+of+snapshot+spectral+imaging+technologies+Hagen+2013,https://paperswithcode.com/search?q=Review+of+snapshot+spectral+imaging+technologies,https://github.com/search?q=Review+of+snapshot+spectral+imaging+technologies&type=repositories,search links generated; direct paper/code/dataset links not verified,,,"Hagen, N., Kudenov, M.W., 2013. Review of snapshot spectral imaging technologies. Optical Engineering 52, 090901–090901."
112,2021,Spectral super-resolution network guided by intrinsic properties of hyperspectral imagery,"Hang, R., Liu, Q., Li, Z.","IEEE TIP 30, 7256–7265",Low-level: Super-resolution/Fusion,,,,,,False,False,False,False,https://scholar.google.com/scholar?q=Spectral+super-resolution+network+guided+by+intrinsic+properties+of+hyperspectral+imagery+Hang+2021,https://www.semanticscholar.org/search?q=Spectral+super-resolution+network+guided+by+intrinsic+properties+of+hyperspectral+imagery+Hang+2021,https://paperswithcode.com/search?q=Spectral+super-resolution+network+guided+by+intrinsic+properties+of+hyperspectral+imagery,https://github.com/search?q=Spectral+super-resolution+network+guided+by+intrinsic+properties+of+hyperspectral+imagery&type=repositories,search links generated; direct paper/code/dataset links not verified,,,"Hang, R., Liu, Q., Li, Z., 2021. Spectral super-resolution network guided by intrinsic properties of hyperspectral imagery. IEEE TIP 30, 7256–7265."
113,2023,Isolating signals in passive non-line-of-sight imaging using spectral content,"Hashemi, C., Avelar, R., Leger, J.",IEEE TPAMI ,Other / Background,,,,,,False,False,False,False,https://scholar.google.com/scholar?q=Isolating+signals+in+passive+non-line-of-sight+imaging+using+spectral+content+Hashemi+2023,https://www.semanticscholar.org/search?q=Isolating+signals+in+passive+non-line-of-sight+imaging+using+spectral+content+Hashemi+2023,https://paperswithcode.com/search?q=Isolating+signals+in+passive+non-line-of-sight+imaging+using+spectral+content,https://github.com/search?q=Isolating+signals+in+passive+non-line-of-sight+imaging+using+spectral+content&type=repositories,search links generated; direct paper/code/dataset links not verified,,,"Hashemi, C., Avelar, R., Leger, J., 2023. Isolating signals in passive non-line-of-sight imaging using spectral content. IEEE TPAMI ."
114,2021,Shs-gan: Synthetic enhancement of a natural hyperspectral database,"Hauser, J., Shtendel, G., Zeligman, A., Averbuch, A., Nathan, M.","IEEE TCI 7, 505–517",Dataset,,,,,,False,False,False,False,https://scholar.google.com/scholar?q=Shs-gan%3A+Synthetic+enhancement+of+a+natural+hyperspectral+database+Hauser+2021,https://www.semanticscholar.org/search?q=Shs-gan%3A+Synthetic+enhancement+of+a+natural+hyperspectral+database+Hauser+2021,https://paperswithcode.com/search?q=Shs-gan%3A+Synthetic+enhancement+of+a+natural+hyperspectral+database,https://github.com/search?q=Shs-gan%3A+Synthetic+enhancement+of+a+natural+hyperspectral+database&type=repositories,search links generated; direct paper/code/dataset links not verified,,,"Hauser, J., Shtendel, G., Zeligman, A., Averbuch, A., Nathan, M., 2021. Shs-gan: Synthetic enhancement of a natural hyperspectral database. IEEE TCI 7, 505–517."
115,2022,Masked autoencoders are scalable vision learners,"He, K., Chen, X., Xie, S., Li, Y., Dollár, P., Girshick, R.","in: CVPR, pp. 16000– 16009",Foundation Model,,,,,,False,False,False,False,https://scholar.google.com/scholar?q=Masked+autoencoders+are+scalable+vision+learners+He+2022,https://www.semanticscholar.org/search?q=Masked+autoencoders+are+scalable+vision+learners+He+2022,https://paperswithcode.com/search?q=Masked+autoencoders+are+scalable+vision+learners,https://github.com/search?q=Masked+autoencoders+are+scalable+vision+learners&type=repositories,search links generated; direct paper/code/dataset links not verified,,,"He, K., Chen, X., Xie, S., Li, Y., Dollár, P., Girshick, R., 2022a. Masked autoencoders are scalable vision learners, in: CVPR, pp. 16000– 16009."
116,2020,Non-local meets global: An iterative paradigm for hyperspectral image restoration,"He, W., Yao, Q., Li, C., Yokoya, N., Zhao, Q., Zhang, H., Zhang, L.","IEEE TPAMI 44, 2089–2107",Dataset,,,,,,False,False,False,False,https://scholar.google.com/scholar?q=Non-local+meets+global%3A+An+iterative+paradigm+for+hyperspectral+image+restoration+He+2020,https://www.semanticscholar.org/search?q=Non-local+meets+global%3A+An+iterative+paradigm+for+hyperspectral+image+restoration+He+2020,https://paperswithcode.com/search?q=Non-local+meets+global%3A+An+iterative+paradigm+for+hyperspectral+image+restoration,https://github.com/search?q=Non-local+meets+global%3A+An+iterative+paradigm+for+hyperspectral+image+restoration&type=repositories,search links generated; direct paper/code/dataset links not verified,,,"He, W., Yao, Q., Li, C., Yokoya, N., Zhao, Q., Zhang, H., Zhang, L., 2020. Non-local meets global: An iterative paradigm for hyperspectral image restoration. IEEE TPAMI 44, 2089–2107."
117,2022,Spectrum-aware and transferable architecture search for hyperspectral image restoration,"He, W., Yao, Q., Yokoya, N., Uezato, T., Zhang, H., Zhang, L.","in: ECCV, Springer. pp. 19–37",Low-level: Denoising/Restoration,,,,,,False,False,False,False,https://scholar.google.com/scholar?q=Spectrum-aware+and+transferable+architecture+search+for+hyperspectral+image+restoration+He+2022,https://www.semanticscholar.org/search?q=Spectrum-aware+and+transferable+architecture+search+for+hyperspectral+image+restoration+He+2022,https://paperswithcode.com/search?q=Spectrum-aware+and+transferable+architecture+search+for+hyperspectral+image+restoration,https://github.com/search?q=Spectrum-aware+and+transferable+architecture+search+for+hyperspectral+image+restoration&type=repositories,search links generated; direct paper/code/dataset links not verified,,,"He, W., Yao, Q., Yokoya, N., Uezato, T., Zhang, H., Zhang, L., 2022b. Spectrum-aware and transferable architecture search for hyperspectral image restoration, in: ECCV, Springer. pp. 19–37."
118,2021,Fast hyperspectral image recovery of dual-camera compressive hyperspectral imaging via non-iterative subspace-based fusion,"He, W., Yokoya, N., Yuan, X.","IEEE TIP 30, 7170–7183",Low-level: Reconstruction,,,,,,False,False,False,False,https://scholar.google.com/scholar?q=Fast+hyperspectral+image+recovery+of+dual-camera+compressive+hyperspectral+imaging+via+non-iterative+subspace-based+fusion+He+2021,https://www.semanticscholar.org/search?q=Fast+hyperspectral+image+recovery+of+dual-camera+compressive+hyperspectral+imaging+via+non-iterative+subspace-based+fusion+He+2021,https://paperswithcode.com/search?q=Fast+hyperspectral+image+recovery+of+dual-camera+compressive+hyperspectral+imaging+via+non-iterative+subspace-based+fusion,https://github.com/search?q=Fast+hyperspectral+image+recovery+of+dual-camera+compressive+hyperspectral+imaging+via+non-iterative+subspace-based+fusion&type=repositories,search links generated; direct paper/code/dataset links not verified,,,"He, W., Yokoya, N., Yuan, X., 2021. Fast hyperspectral image recovery of dual-camera compressive hyperspectral imaging via non-iterative subspace-based fusion. IEEE TIP 30, 7170–7183."
119,2018,Hyperspectral image denoising using local low-rank matrix recovery and global spatial–spectral total variation,"He, W., Zhang, H., Shen, H., Zhang, L.","IEEE Journal of Selected Topics in Applied Earth Observations and Remote Sensing 11, 713–729",Low-level: Reconstruction,,,,,,False,False,False,False,https://scholar.google.com/scholar?q=Hyperspectral+image+denoising+using+local+low-rank+matrix+recovery+and+global+spatial%E2%80%93spectral+total+variation+He+2018,https://www.semanticscholar.org/search?q=Hyperspectral+image+denoising+using+local+low-rank+matrix+recovery+and+global+spatial%E2%80%93spectral+total+variation+He+2018,https://paperswithcode.com/search?q=Hyperspectral+image+denoising+using+local+low-rank+matrix+recovery+and+global+spatial%E2%80%93spectral+total+variation,https://github.com/search?q=Hyperspectral+image+denoising+using+local+low-rank+matrix+recovery+and+global+spatial%E2%80%93spectral+total+variation&type=repositories,search links generated; direct paper/code/dataset links not verified,,,"He, W., Zhang, H., Shen, H., Zhang, L., 2018. Hyperspectral image denoising using local low-rank matrix recovery and global spatial–spectral total variation. IEEE Journal of Selected Topics in Applied Earth Observations and Remote Sensing 11, 713–729."
120,2019,Eurosat: A novel dataset and deep learning benchmark for land use and land cover classification,"Helber, P., Bischke, B., Dengel, A., Borth, D.","IEEE Journal of Selected Topics in Applied Earth Observations and Remote Sensing 12, 2217–2226",Dataset,,,,,,False,False,False,False,https://scholar.google.com/scholar?q=Eurosat%3A+A+novel+dataset+and+deep+learning+benchmark+for+land+use+and+land+cover+classification+Helber+2019,https://www.semanticscholar.org/search?q=Eurosat%3A+A+novel+dataset+and+deep+learning+benchmark+for+land+use+and+land+cover+classification+Helber+2019,https://paperswithcode.com/search?q=Eurosat%3A+A+novel+dataset+and+deep+learning+benchmark+for+land+use+and+land+cover+classification,https://github.com/search?q=Eurosat%3A+A+novel+dataset+and+deep+learning+benchmark+for+land+use+and+land+cover+classification&type=repositories,search links generated; direct paper/code/dataset links not verified,,,"Helber, P., Bischke, B., Dengel, A., Borth, D., 2019. Eurosat: A novel dataset and deep learning benchmark for land use and land cover classification. IEEE Journal of Selected Topics in Applied Earth Observations and Remote Sensing 12, 2217–2226."
121,1994,Imaging spectrometer for process industry applications,"Herrala, E., Okkonen, J.T., Hyvarinen, T.S., Aikio, M., Lammasniemi, J.","in: Optical Measurements and Sensors for the Process Industries, SPIE. pp. 33–40",Physics/Sensing,,,,,,False,False,False,False,https://scholar.google.com/scholar?q=Imaging+spectrometer+for+process+industry+applications+Herrala+1994,https://www.semanticscholar.org/search?q=Imaging+spectrometer+for+process+industry+applications+Herrala+1994,https://paperswithcode.com/search?q=Imaging+spectrometer+for+process+industry+applications,https://github.com/search?q=Imaging+spectrometer+for+process+industry+applications&type=repositories,search links generated; direct paper/code/dataset links not verified,,,"Herrala, E., Okkonen, J.T., Hyvarinen, T.S., Aikio, M., Lammasniemi, J., 1994. Imaging spectrometer for process industry applications, in: Optical Measurements and Sensors for the Process Industries, SPIE. pp. 33–40."
122,2004,Modern spectroscopy,"Hollas, J.M.",John Wiley & Sons,Physics/Sensing,,,,,,False,False,False,False,https://scholar.google.com/scholar?q=Modern+spectroscopy+Hollas+2004,https://www.semanticscholar.org/search?q=Modern+spectroscopy+Hollas+2004,https://paperswithcode.com/search?q=Modern+spectroscopy,https://github.com/search?q=Modern+spectroscopy&type=repositories,search links generated; direct paper/code/dataset links not verified,,,"Hollas, J.M., 2004. Modern spectroscopy. John Wiley & Sons."
123,2021,Spectralformer: Rethinking hyperspectral image classification with transformers,"Hong, D., Han, Z., Yao, J., Gao, L., Zhang, B., Plaza, A., Chanussot, J.","IEEE TGRS 60, 1–15",High-level: Segmentation/Detection/Tracking,https://arxiv.org/abs/2107.02988,,https://github.com/danfenghong/IEEE_TGRS_SpectralFormer,,,True,True,False,False,https://scholar.google.com/scholar?q=Spectralformer%3A+Rethinking+hyperspectral+image+classification+with+transformers+Hong+2021,https://www.semanticscholar.org/search?q=Spectralformer%3A+Rethinking+hyperspectral+image+classification+with+transformers+Hong+2021,https://paperswithcode.com/search?q=Spectralformer%3A+Rethinking+hyperspectral+image+classification+with+transformers,https://github.com/search?q=Spectralformer%3A+Rethinking+hyperspectral+image+classification+with+transformers&type=repositories,verified arXiv + code link,https://github.com/danfenghong/IEEE_TGRS_SpectralFormer,,"Hong, D., Han, Z., Yao, J., Gao, L., Zhang, B., Plaza, A., Chanussot, J., 2021. Spectralformer: Rethinking hyperspectral image classification with transformers. IEEE TGRS 60, 1–15."
124,2023,Decoupled-and-coupled networks: Self-supervised hyperspectral image super-resolution with subpixel fusion,"Hong, D., Yao, J., Li, C., Meng, D., Yokoya, N., Chanussot, J.","IEEE TGRS 61, 1–12",Low-level: Super-resolution/Fusion,,,,,,False,False,False,False,https://scholar.google.com/scholar?q=Decoupled-and-coupled+networks%3A+Self-supervised+hyperspectral+image+super-resolution+with+subpixel+fusion+Hong+2023,https://www.semanticscholar.org/search?q=Decoupled-and-coupled+networks%3A+Self-supervised+hyperspectral+image+super-resolution+with+subpixel+fusion+Hong+2023,https://paperswithcode.com/search?q=Decoupled-and-coupled+networks%3A+Self-supervised+hyperspectral+image+super-resolution+with+subpixel+fusion,https://github.com/search?q=Decoupled-and-coupled+networks%3A+Self-supervised+hyperspectral+image+super-resolution+with+subpixel+fusion&type=repositories,search links generated; direct paper/code/dataset links not verified,,,"Hong, D., Yao, J., Li, C., Meng, D., Yokoya, N., Chanussot, J., 2023. Decoupled-and-coupled networks: Self-supervised hyperspectral image super-resolution with subpixel fusion. IEEE TGRS 61, 1–12."
125,2024,Spectralgpt: Spectral remote sensing foundation model,"Hong, D., Zhang, B., Li, X., Li, Y., Li, C., Yao, J., et al.","IEEE TPAMI 46, 5227–5244",Foundation Model,https://arxiv.org/abs/2311.07113,,https://github.com/danfenghong/IEEE_TPAMI_SpectralGPT,,,True,True,False,False,https://scholar.google.com/scholar?q=Spectralgpt%3A+Spectral+remote+sensing+foundation+model+Hong+2024,https://www.semanticscholar.org/search?q=Spectralgpt%3A+Spectral+remote+sensing+foundation+model+Hong+2024,https://paperswithcode.com/search?q=Spectralgpt%3A+Spectral+remote+sensing+foundation+model,https://github.com/search?q=Spectralgpt%3A+Spectral+remote+sensing+foundation+model&type=repositories,verified arXiv + code link,https://github.com/danfenghong/IEEE_TPAMI_SpectralGPT,,"Hong, D., Zhang, B., Li, X., Li, Y., Li, C., Yao, J., et al., 2024. Spectralgpt: Spectral remote sensing foundation model. IEEE TPAMI 46, 5227–5244."
126,2024,Deep diversity-enhanced feature representation of hyperspectral images,"Hou, J., Zhu, Z., Hou, J., Liu, H., Zeng, H., Meng, D.","IEEE TPAMI 46, 8123–8138",Other / Background,,,,,,False,False,False,False,https://scholar.google.com/scholar?q=Deep+diversity-enhanced+feature+representation+of+hyperspectral+images+Hou+2024,https://www.semanticscholar.org/search?q=Deep+diversity-enhanced+feature+representation+of+hyperspectral+images+Hou+2024,https://paperswithcode.com/search?q=Deep+diversity-enhanced+feature+representation+of+hyperspectral+images,https://github.com/search?q=Deep+diversity-enhanced+feature+representation+of+hyperspectral+images&type=repositories,search links generated; direct paper/code/dataset links not verified,,,"Hou, J., Zhu, Z., Hou, J., Liu, H., Zeng, H., Meng, D., 2024. Deep diversity-enhanced feature representation of hyperspectral images. IEEE TPAMI 46, 8123–8138."
127,2022,Deep posterior distribution-based embedding for hyperspectral image super- resolution,"Hou, J., Zhu, Z., Hou, J., Zeng, H., Wu, J., Zhou, J.","IEEE TIP 31, 5720–5732",Other / Background,,,,,,False,False,False,False,https://scholar.google.com/scholar?q=Deep+posterior+distribution-based+embedding+for+hyperspectral+image+super-+resolution+Hou+2022,https://www.semanticscholar.org/search?q=Deep+posterior+distribution-based+embedding+for+hyperspectral+image+super-+resolution+Hou+2022,https://paperswithcode.com/search?q=Deep+posterior+distribution-based+embedding+for+hyperspectral+image+super-+resolution,https://github.com/search?q=Deep+posterior+distribution-based+embedding+for+hyperspectral+image+super-+resolution&type=repositories,search links generated; direct paper/code/dataset links not verified,,,"Hou, J., Zhu, Z., Hou, J., Zeng, H., Wu, J., Zhou, J., 2022. Deep posterior distribution-based embedding for hyperspectral image super- resolution. IEEE TIP 31, 5720–5732."
128,2017,Hyperspectral image super-resolution by spectral difference learning and spatial error correction,"Hu, J., Li, Y., Xie, W.","IEEE Geoscience and Remote Sensing Letters 14, 1825–1829",Low-level: Super-resolution/Fusion,,,,,,False,False,False,False,https://scholar.google.com/scholar?q=Hyperspectral+image+super-resolution+by+spectral+difference+learning+and+spatial+error+correction+Hu+2017,https://www.semanticscholar.org/search?q=Hyperspectral+image+super-resolution+by+spectral+difference+learning+and+spatial+error+correction+Hu+2017,https://paperswithcode.com/search?q=Hyperspectral+image+super-resolution+by+spectral+difference+learning+and+spatial+error+correction,https://github.com/search?q=Hyperspectral+image+super-resolution+by+spectral+difference+learning+and+spatial+error+correction&type=repositories,search links generated; direct paper/code/dataset links not verified,,,"Hu, J., Li, Y., Xie, W., 2017. Hyperspectral image super-resolution by spectral difference learning and spatial error correction. IEEE Geoscience and Remote Sensing Letters 14, 1825–1829."
129,2022,Fusformer: A transformer-based fusion network for hyperspectral image super-resolution,"Hu, J.F., Huang, T.Z., Deng, L.J., Dou, H.X., Hong, D., Vivone, G.","IEEE Geoscience and Remote Sensing Letters 19, 1–5",Low-level: Super-resolution/Fusion,https://arxiv.org/abs/2109.02079,,https://github.com/J-FHu/Fusformer,,,True,True,False,False,https://scholar.google.com/scholar?q=Fusformer%3A+A+transformer-based+fusion+network+for+hyperspectral+image+super-resolution+Hu+2022,https://www.semanticscholar.org/search?q=Fusformer%3A+A+transformer-based+fusion+network+for+hyperspectral+image+super-resolution+Hu+2022,https://paperswithcode.com/search?q=Fusformer%3A+A+transformer-based+fusion+network+for+hyperspectral+image+super-resolution,https://github.com/search?q=Fusformer%3A+A+transformer-based+fusion+network+for+hyperspectral+image+super-resolution&type=repositories,verified arXiv + code link,https://github.com/J-FHu/Fusformer,,"Hu, J.F., Huang, T.Z., Deng, L.J., Dou, H.X., Hong, D., Vivone, G., 2022a. Fusformer: A transformer-based fusion network for hyperspectral image super-resolution. IEEE Geoscience and Remote Sensing Letters 19, 1–5."
130,2024,Hybrid convolutional and attention network for hyperspectral image denoising,"Hu, S., Gao, F., Zhou, X., Dong, J., Du, Q.","IEEE GRSL 21, 1–5",Low-level: Denoising/Restoration,,,,,,False,False,False,False,https://scholar.google.com/scholar?q=Hybrid+convolutional+and+attention+network+for+hyperspectral+image+denoising+Hu+2024,https://www.semanticscholar.org/search?q=Hybrid+convolutional+and+attention+network+for+hyperspectral+image+denoising+Hu+2024,https://paperswithcode.com/search?q=Hybrid+convolutional+and+attention+network+for+hyperspectral+image+denoising,https://github.com/search?q=Hybrid+convolutional+and+attention+network+for+hyperspectral+image+denoising&type=repositories,search links generated; direct paper/code/dataset links not verified,,,"Hu, S., Gao, F., Zhou, X., Dong, J., Du, Q., 2024. Hybrid convolutional and attention network for hyperspectral image denoising. IEEE GRSL 21, 1–5."
131,2022,Hdnet: High-resolution dual-domain learning for spectral compressive imaging,"Hu, X., Cai, Y., Lin, J., Wang, H., Yuan, X., Zhang, Y., Timofte, R., Van Gool, L.","in: CVPR, pp. 17542–17551",Other / Background,,,,,,False,False,False,False,https://scholar.google.com/scholar?q=Hdnet%3A+High-resolution+dual-domain+learning+for+spectral+compressive+imaging+Hu+2022,https://www.semanticscholar.org/search?q=Hdnet%3A+High-resolution+dual-domain+learning+for+spectral+compressive+imaging+Hu+2022,https://paperswithcode.com/search?q=Hdnet%3A+High-resolution+dual-domain+learning+for+spectral+compressive+imaging,https://github.com/search?q=Hdnet%3A+High-resolution+dual-domain+learning+for+spectral+compressive+imaging&type=repositories,search links generated; direct paper/code/dataset links not verified,,,"Hu, X., Cai, Y., Lin, J., Wang, H., Yuan, X., Zhang, Y., Timofte, R., Van Gool, L., 2022b. Hdnet: High-resolution dual-domain learning for spectral compressive imaging, in: CVPR, pp. 17542–17551."
132,2022,Hyperspectral anomaly detection using deep learning: A review,"Hu, X., Xie, C., Fan, Z., Duan, Q., Zhang, D., Jiang, L., Wei, X., Hong, D., Li, G., Zeng, X., et al.","Remote Sensing 14, 1973",High-level: Segmentation/Detection/Tracking,,,,,,False,False,False,False,https://scholar.google.com/scholar?q=Hyperspectral+anomaly+detection+using+deep+learning%3A+A+review+Hu+2022,https://www.semanticscholar.org/search?q=Hyperspectral+anomaly+detection+using+deep+learning%3A+A+review+Hu+2022,https://paperswithcode.com/search?q=Hyperspectral+anomaly+detection+using+deep+learning%3A+A+review,https://github.com/search?q=Hyperspectral+anomaly+detection+using+deep+learning%3A+A+review&type=repositories,search links generated; direct paper/code/dataset links not verified,,,"Hu, X., Xie, C., Fan, Z., Duan, Q., Zhang, D., Jiang, L., Wei, X., Hong, D., Li, G., Zeng, X., et al., 2022c. Hyperspectral anomaly detection using deep learning: A review. Remote Sensing 14, 1973."
133,2022,Deep hyperspectral image fusion network with iterative spatio-spectral regularization,"Huang, T., Dong, W., Wu, J., Li, L., Li, X., Shi, G.","IEEE TCI 8, 201–214",Low-level: Super-resolution/Fusion,,,,,,False,False,False,False,https://scholar.google.com/scholar?q=Deep+hyperspectral+image+fusion+network+with+iterative+spatio-spectral+regularization+Huang+2022,https://www.semanticscholar.org/search?q=Deep+hyperspectral+image+fusion+network+with+iterative+spatio-spectral+regularization+Huang+2022,https://paperswithcode.com/search?q=Deep+hyperspectral+image+fusion+network+with+iterative+spatio-spectral+regularization,https://github.com/search?q=Deep+hyperspectral+image+fusion+network+with+iterative+spatio-spectral+regularization&type=repositories,search links generated; direct paper/code/dataset links not verified,,,"Huang, T., Dong, W., Wu, J., Li, L., Li, X., Shi, G., 2022. Deep hyperspectral image fusion network with iterative spatio-spectral regularization. IEEE TCI 8, 201–214."
134,2021,Deep gaussian scale mixture prior for spectral compressive imaging,"Huang, T., Dong, W., Yuan, X., Wu, J., Shi, G.","in: CVPR, pp. 16216–16225",Other / Background,,,,,,False,False,False,False,https://scholar.google.com/scholar?q=Deep+gaussian+scale+mixture+prior+for+spectral+compressive+imaging+Huang+2021,https://www.semanticscholar.org/search?q=Deep+gaussian+scale+mixture+prior+for+spectral+compressive+imaging+Huang+2021,https://paperswithcode.com/search?q=Deep+gaussian+scale+mixture+prior+for+spectral+compressive+imaging,https://github.com/search?q=Deep+gaussian+scale+mixture+prior+for+spectral+compressive+imaging&type=repositories,search links generated; direct paper/code/dataset links not verified,,,"Huang, T., Dong, W., Yuan, X., Wu, J., Shi, G., 2021a. Deep gaussian scale mixture prior for spectral compressive imaging, in: CVPR, pp. 16216–16225."
135,2025,Single-source frequency transform for cross-scene classification of hyperspectral image,"Huang, X., Dong, Y., Zhang, Y., Du, B.","IEEE TIP 34, 3000–3012",High-level: Segmentation/Detection/Tracking,,,,,,False,False,False,False,https://scholar.google.com/scholar?q=Single-source+frequency+transform+for+cross-scene+classification+of+hyperspectral+image+Huang+2025,https://www.semanticscholar.org/search?q=Single-source+frequency+transform+for+cross-scene+classification+of+hyperspectral+image+Huang+2025,https://paperswithcode.com/search?q=Single-source+frequency+transform+for+cross-scene+classification+of+hyperspectral+image,https://github.com/search?q=Single-source+frequency+transform+for+cross-scene+classification+of+hyperspectral+image&type=repositories,search links generated; direct paper/code/dataset links not verified,,,"Huang, X., Dong, Y., Zhang, Y., Du, B., 2025. Single-source frequency transform for cross-scene classification of hyperspectral image. IEEE TIP 34, 3000–3012."
136,2021,Weakly-supervised semantic segmentation in cityscape via hyperspectral image,"Huang, Y., Shen, Q., Fu, Y., You, S.","in: ICCV, pp. 1117–1126",High-level: Segmentation/Detection/Tracking,,,,,,False,False,False,False,https://scholar.google.com/scholar?q=Weakly-supervised+semantic+segmentation+in+cityscape+via+hyperspectral+image+Huang+2021,https://www.semanticscholar.org/search?q=Weakly-supervised+semantic+segmentation+in+cityscape+via+hyperspectral+image+Huang+2021,https://paperswithcode.com/search?q=Weakly-supervised+semantic+segmentation+in+cityscape+via+hyperspectral+image,https://github.com/search?q=Weakly-supervised+semantic+segmentation+in+cityscape+via+hyperspectral+image&type=repositories,search links generated; direct paper/code/dataset links not verified,,,"Huang, Y., Shen, Q., Fu, Y., You, S., 2021b. Weakly-supervised semantic segmentation in cityscape via hyperspectral image, in: ICCV, pp. 1117–1126."
137,1968,On the mean accuracy of statistical pattern recognizers,"Hughes, G.","IEEE transactions on information theory 14, 55–63",Other / Background,,,,,,False,False,False,False,https://scholar.google.com/scholar?q=On+the+mean+accuracy+of+statistical+pattern+recognizers+Hughes+1968,https://www.semanticscholar.org/search?q=On+the+mean+accuracy+of+statistical+pattern+recognizers+Hughes+1968,https://paperswithcode.com/search?q=On+the+mean+accuracy+of+statistical+pattern+recognizers,https://github.com/search?q=On+the+mean+accuracy+of+statistical+pattern+recognizers&type=repositories,search links generated; direct paper/code/dataset links not verified,,,"Hughes, G., 1968. On the mean accuracy of statistical pattern recognizers. IEEE transactions on information theory 14, 55–63."
138,2024,Learning to recover spectral reflectance from rgb images,"Huo, D., Wang, J., Qian, Y., Yang, Y.H.",IEEE TIP ,Low-level: Reconstruction,,,,,,False,False,False,False,https://scholar.google.com/scholar?q=Learning+to+recover+spectral+reflectance+from+rgb+images+Huo+2024,https://www.semanticscholar.org/search?q=Learning+to+recover+spectral+reflectance+from+rgb+images+Huo+2024,https://paperswithcode.com/search?q=Learning+to+recover+spectral+reflectance+from+rgb+images,https://github.com/search?q=Learning+to+recover+spectral+reflectance+from+rgb+images&type=repositories,search links generated; direct paper/code/dataset links not verified,,,"Huo, D., Wang, J., Qian, Y., Yang, Y.H., 2024. Learning to recover spectral reflectance from rgb images. IEEE TIP ."
139,2018,Hyperspectral image dataset for benchmarking on salient object detection,"Imamoglu, N., Oishi, Y., Zhang, X., Ding, G., Fang, Y., Kouyama, T., Nakamura, R.","in: 2018 Tenth international conference on quality of multimedia experience (qoMEX), IEEE. pp. 1–3",Dataset,,,,,,False,False,False,False,https://scholar.google.com/scholar?q=Hyperspectral+image+dataset+for+benchmarking+on+salient+object+detection+Imamoglu+2018,https://www.semanticscholar.org/search?q=Hyperspectral+image+dataset+for+benchmarking+on+salient+object+detection+Imamoglu+2018,https://paperswithcode.com/search?q=Hyperspectral+image+dataset+for+benchmarking+on+salient+object+detection,https://github.com/search?q=Hyperspectral+image+dataset+for+benchmarking+on+salient+object+detection&type=repositories,search links generated; direct paper/code/dataset links not verified,,,"Imamoglu, N., Oishi, Y., Zhang, X., Ding, G., Fang, Y., Kouyama, T., Nakamura, R., 2018. Hyperspectral image dataset for benchmarking on salient object detection, in: 2018 Tenth international conference on quality of multimedia experience (qoMEX), IEEE. pp. 1–3."
140,2025,Spatio-spectral pattern illumination for direct and indirect separation from a single hyperspectral image,"Ishihara, S., Sato, I.","in: ICCV, pp. 26827–26836",Physics/Sensing,,,,,,False,False,False,False,https://scholar.google.com/scholar?q=Spatio-spectral+pattern+illumination+for+direct+and+indirect+separation+from+a+single+hyperspectral+image+Ishihara+2025,https://www.semanticscholar.org/search?q=Spatio-spectral+pattern+illumination+for+direct+and+indirect+separation+from+a+single+hyperspectral+image+Ishihara+2025,https://paperswithcode.com/search?q=Spatio-spectral+pattern+illumination+for+direct+and+indirect+separation+from+a+single+hyperspectral+image,https://github.com/search?q=Spatio-spectral+pattern+illumination+for+direct+and+indirect+separation+from+a+single+hyperspectral+image&type=repositories,search links generated; direct paper/code/dataset links not verified,,,"Ishihara, S., Sato, I., 2025. Spatio-spectral pattern illumination for direct and indirect separation from a single hyperspectral image, in: ICCV, pp. 26827–26836."
141,2025,Task-driven neural adaptive gain control: 16-bit-to-8-bit thermal tone mapping for superior object detection,"Javidnia, H.","in: ICCV, pp. 2183–2191",High-level: Segmentation/Detection/Tracking,,,,,,False,False,False,False,https://scholar.google.com/scholar?q=Task-driven+neural+adaptive+gain+control%3A+16-bit-to-8-bit+thermal+tone+mapping+for+superior+object+detection+Javidnia+2025,https://www.semanticscholar.org/search?q=Task-driven+neural+adaptive+gain+control%3A+16-bit-to-8-bit+thermal+tone+mapping+for+superior+object+detection+Javidnia+2025,https://paperswithcode.com/search?q=Task-driven+neural+adaptive+gain+control%3A+16-bit-to-8-bit+thermal+tone+mapping+for+superior+object+detection,https://github.com/search?q=Task-driven+neural+adaptive+gain+control%3A+16-bit-to-8-bit+thermal+tone+mapping+for+superior+object+detection&type=repositories,search links generated; direct paper/code/dataset links not verified,,,"Javidnia, H., 2025. Task-driven neural adaptive gain control: 16-bit-to-8-bit thermal tone mapping for superior object detection, in: ICCV, pp. 2183–2191."
142,2020,Status and application of advanced airborne hyperspectral imaging technology: A review,"Jia, J., Wang, Y., Chen, J., Guo, R., Shu, R., Wang, J.","Infrared Physics & Technology 104, 103115",Other / Background,,,,,,False,False,False,False,https://scholar.google.com/scholar?q=Status+and+application+of+advanced+airborne+hyperspectral+imaging+technology%3A+A+review+Jia+2020,https://www.semanticscholar.org/search?q=Status+and+application+of+advanced+airborne+hyperspectral+imaging+technology%3A+A+review+Jia+2020,https://paperswithcode.com/search?q=Status+and+application+of+advanced+airborne+hyperspectral+imaging+technology%3A+A+review,https://github.com/search?q=Status+and+application+of+advanced+airborne+hyperspectral+imaging+technology%3A+A+review&type=repositories,search links generated; direct paper/code/dataset links not verified,,,"Jia, J., Wang, Y., Chen, J., Guo, R., Shu, R., Wang, J., 2020. Status and application of advanced airborne hyperspectral imaging technology: A review. Infrared Physics & Technology 104, 103115."
143,2017,From rgb to spectrum for natural scenes via manifold-based mapping,"Jia, Y., Zheng, Y., Gu, L., Subpa-Asa, A., Lam, A., Sato, Y., Sato, I.","in: Proceedings of the IEEE international conference on computer vision, pp. 4705–4713",Other / Background,,,,,,False,False,False,False,https://scholar.google.com/scholar?q=From+rgb+to+spectrum+for+natural+scenes+via+manifold-based+mapping+Jia+2017,https://www.semanticscholar.org/search?q=From+rgb+to+spectrum+for+natural+scenes+via+manifold-based+mapping+Jia+2017,https://paperswithcode.com/search?q=From+rgb+to+spectrum+for+natural+scenes+via+manifold-based+mapping,https://github.com/search?q=From+rgb+to+spectrum+for+natural+scenes+via+manifold-based+mapping&type=repositories,search links generated; direct paper/code/dataset links not verified,,,"Jia, Y., Zheng, Y., Gu, L., Subpa-Asa, A., Lam, A., Sato, Y., Sato, I., 2017. From rgb to spectrum for natural scenes via manifold-based mapping, in: Proceedings of the IEEE international conference on computer vision, pp. 4705–4713."
144,2020,Learning spatial-spectral prior for super-resolution of hyperspectral imagery,"Jiang, J., Sun, H., Liu, X., Ma, J.","IEEE TCI 6, 1082–1096",Low-level: Super-resolution/Fusion,,,,,,False,False,False,False,https://scholar.google.com/scholar?q=Learning+spatial-spectral+prior+for+super-resolution+of+hyperspectral+imagery+Jiang+2020,https://www.semanticscholar.org/search?q=Learning+spatial-spectral+prior+for+super-resolution+of+hyperspectral+imagery+Jiang+2020,https://paperswithcode.com/search?q=Learning+spatial-spectral+prior+for+super-resolution+of+hyperspectral+imagery,https://github.com/search?q=Learning+spatial-spectral+prior+for+super-resolution+of+hyperspectral+imagery&type=repositories,search links generated; direct paper/code/dataset links not verified,,,"Jiang, J., Sun, H., Liu, X., Ma, J., 2020. Learning spatial-spectral prior for super-resolution of hyperspectral imagery. IEEE TCI 6, 1082–1096."
145,2025,Comparative study of multispectral image-based auto white balance with optimized conditions,"Jung, G., Kim, S., Yoo, S.","Journal of Spectroscopy 2025, 7775119",Physics/Sensing,,,,,,False,False,False,False,https://scholar.google.com/scholar?q=Comparative+study+of+multispectral+image-based+auto+white+balance+with+optimized+conditions+Jung+2025,https://www.semanticscholar.org/search?q=Comparative+study+of+multispectral+image-based+auto+white+balance+with+optimized+conditions+Jung+2025,https://paperswithcode.com/search?q=Comparative+study+of+multispectral+image-based+auto+white+balance+with+optimized+conditions,https://github.com/search?q=Comparative+study+of+multispectral+image-based+auto+white+balance+with+optimized+conditions&type=repositories,search links generated; direct paper/code/dataset links not verified,,,"Jung, G., Kim, S., Yoo, S., 2025. Comparative study of multispectral image-based auto white balance with optimized conditions. Journal of Spectroscopy 2025, 7775119."
146,2018,Decolorization-based hyperspectral image visualization,"Kang, X., Duan, P., Li, S., Benediktsson, J.A.","IEEE TGRS 56, 4346–4360",Other / Background,,,,,,False,False,False,False,https://scholar.google.com/scholar?q=Decolorization-based+hyperspectral+image+visualization+Kang+2018,https://www.semanticscholar.org/search?q=Decolorization-based+hyperspectral+image+visualization+Kang+2018,https://paperswithcode.com/search?q=Decolorization-based+hyperspectral+image+visualization,https://github.com/search?q=Decolorization-based+hyperspectral+image+visualization&type=repositories,search links generated; direct paper/code/dataset links not verified,,,"Kang, X., Duan, P., Li, S., Benediktsson, J.A., 2018. Decolorization-based hyperspectral image visualization. IEEE TGRS 56, 4346–4360."
147,2011,High-resolution hyperspectral imaging via matrix factorization,"Kawakami, R., Matsushita, Y., Wright, J., Ben-Ezra, M., Tai, Y.W., Ikeuchi, K.","in: CVPR 2011, IEEE. pp. 2329–2336",Other / Background,,,,,,False,False,False,False,https://scholar.google.com/scholar?q=High-resolution+hyperspectral+imaging+via+matrix+factorization+Kawakami+2011,https://www.semanticscholar.org/search?q=High-resolution+hyperspectral+imaging+via+matrix+factorization+Kawakami+2011,https://paperswithcode.com/search?q=High-resolution+hyperspectral+imaging+via+matrix+factorization,https://github.com/search?q=High-resolution+hyperspectral+imaging+via+matrix+factorization&type=repositories,search links generated; direct paper/code/dataset links not verified,,,"Kawakami, R., Matsushita, Y., Wright, J., Ben-Ezra, M., Tai, Y.W., Ikeuchi, K., 2011. High-resolution hyperspectral imaging via matrix factorization, in: CVPR 2011, IEEE. pp. 2329–2336."
148,2018,Multi-spectral imaging via computed tomography (music)-comparing unsupervised spectral segmentations for material differentiation,"Kehl, C., Mustafa, W., Kehres, J., Dahl, A.B., Olsen, U.L.",arXiv preprint arXiv:1810.11823 ,High-level: Segmentation/Detection/Tracking,https://arxiv.org/abs/1810.11823,,,,1810.11823,True,False,False,False,https://scholar.google.com/scholar?q=Multi-spectral+imaging+via+computed+tomography+%28music%29-comparing+unsupervised+spectral+segmentations+for+material+differentiation+Kehl+2018,https://www.semanticscholar.org/search?q=Multi-spectral+imaging+via+computed+tomography+%28music%29-comparing+unsupervised+spectral+segmentations+for+material+differentiation+Kehl+2018,https://paperswithcode.com/search?q=Multi-spectral+imaging+via+computed+tomography+%28music%29-comparing+unsupervised+spectral+segmentations+for+material+differentiation,https://github.com/search?q=Multi-spectral+imaging+via+computed+tomography+%28music%29-comparing+unsupervised+spectral+segmentations+for+material+differentiation&type=repositories,arXiv URL parsed from reference; other direct links not verified,,,"Kehl, C., Mustafa, W., Kehres, J., Dahl, A.B., Olsen, U.L., 2018. Multi-spectral imaging via computed tomography (music)-comparing unsupervised spectral segmentations for material differentiation. arXiv preprint arXiv:1810.11823 ."
149,2023,3d gaussian splatting for real-time radiance field rendering,"Kerbl, B., Kopanas, G., Leimkühler, T., Drettakis, G.","ACM Trans. Graph. 42, 139–1",Other / Background,,,,,,False,False,False,False,https://scholar.google.com/scholar?q=3d+gaussian+splatting+for+real-time+radiance+field+rendering+Kerbl+2023,https://www.semanticscholar.org/search?q=3d+gaussian+splatting+for+real-time+radiance+field+rendering+Kerbl+2023,https://paperswithcode.com/search?q=3d+gaussian+splatting+for+real-time+radiance+field+rendering,https://github.com/search?q=3d+gaussian+splatting+for+real-time+radiance+field+rendering&type=repositories,search links generated; direct paper/code/dataset links not verified,,,"Kerbl, B., Kopanas, G., Leimkühler, T., Drettakis, G., 2023. 3d gaussian splatting for real-time radiance field rendering. ACM Trans. Graph. 42, 139–1."
150,2018,Towards highlight based illuminant estimation in multispectral images,"Khan, H.A., Thomas, J.B., Hardeberg, J.Y.","in: International conference on image and signal processing, Springer. pp. 517–525",Physics/Sensing,,,,,,False,False,False,False,https://scholar.google.com/scholar?q=Towards+highlight+based+illuminant+estimation+in+multispectral+images+Khan+2018,https://www.semanticscholar.org/search?q=Towards+highlight+based+illuminant+estimation+in+multispectral+images+Khan+2018,https://paperswithcode.com/search?q=Towards+highlight+based+illuminant+estimation+in+multispectral+images,https://github.com/search?q=Towards+highlight+based+illuminant+estimation+in+multispectral+images&type=repositories,search links generated; direct paper/code/dataset links not verified,,,"Khan, H.A., Thomas, J.B., Hardeberg, J.Y., 2018a. Towards highlight based illuminant estimation in multispectral images, in: International conference on image and signal processing, Springer. pp. 517–525."
151,2017,Illuminant estimation in multispectral imaging,"Khan, H.A., Thomas, J.B., Hardeberg, J.Y., Laligant, O.","Journal of the Optical Society of America A 34, 1085–1098",Physics/Sensing,,,,,,False,False,False,False,https://scholar.google.com/scholar?q=Illuminant+estimation+in+multispectral+imaging+Khan+2017,https://www.semanticscholar.org/search?q=Illuminant+estimation+in+multispectral+imaging+Khan+2017,https://paperswithcode.com/search?q=Illuminant+estimation+in+multispectral+imaging,https://github.com/search?q=Illuminant+estimation+in+multispectral+imaging&type=repositories,search links generated; direct paper/code/dataset links not verified,,,"Khan, H.A., Thomas, J.B., Hardeberg, J.Y., Laligant, O., 2017. Illuminant estimation in multispectral imaging. Journal of the Optical Society of America A 34, 1085–1098."
152,2021,Hyperspectral imaging-based unsupervised adulterated red chili content transformation for classification: Identification of red chili adulterants,"Khan, M.H., Saleem, Z., Ahmad, M., Sohaib, A., Ayaz, H., Mazzara, M., Raza, R.A.","Neural Computing and Applications 33, 14507–14521",High-level: Segmentation/Detection/Tracking,,,,,,False,False,False,False,https://scholar.google.com/scholar?q=Hyperspectral+imaging-based+unsupervised+adulterated+red+chili+content+transformation+for+classification%3A+Identification+of+red+chili+adulterants+Khan+2021,https://www.semanticscholar.org/search?q=Hyperspectral+imaging-based+unsupervised+adulterated+red+chili+content+transformation+for+classification%3A+Identification+of+red+chili+adulterants+Khan+2021,https://paperswithcode.com/search?q=Hyperspectral+imaging-based+unsupervised+adulterated+red+chili+content+transformation+for+classification%3A+Identification+of+red+chili+adulterants,https://github.com/search?q=Hyperspectral+imaging-based+unsupervised+adulterated+red+chili+content+transformation+for+classification%3A+Identification+of+red+chili+adulterants&type=repositories,search links generated; direct paper/code/dataset links not verified,,,"Khan, M.H., Saleem, Z., Ahmad, M., Sohaib, A., Ayaz, H., Mazzara, M., Raza, R.A., 2021. Hyperspectral imaging-based unsupervised adulterated red chili content transformation for classification: Identification of red chili adulterants. Neural Computing and Applications 33, 14507–14521."
153,2018,Modern trends in hyperspectral image analysis: A review,"Khan, M.J., Khan, H.S., Yousaf, A., Khurshid, K., Abbas, A.","Ieee Access 6, 14118–14129",Other / Background,,,,,,False,False,False,False,https://scholar.google.com/scholar?q=Modern+trends+in+hyperspectral+image+analysis%3A+A+review+Khan+2018,https://www.semanticscholar.org/search?q=Modern+trends+in+hyperspectral+image+analysis%3A+A+review+Khan+2018,https://paperswithcode.com/search?q=Modern+trends+in+hyperspectral+image+analysis%3A+A+review,https://github.com/search?q=Modern+trends+in+hyperspectral+image+analysis%3A+A+review&type=repositories,search links generated; direct paper/code/dataset links not verified,,,"Khan, M.J., Khan, H.S., Yousaf, A., Khurshid, K., Abbas, A., 2018b. Modern trends in hyperspectral image analysis: A review. Ieee Access 6, 14118–14129."
154,2020,"Daylight: What makes the difference? Lighting Research & Technology 52, 423–442","Knoop, M., Stefani, O., Bueno, B., Matusiak, B., Hobday, R., Wirz-Justice, A., Martiny, K., Kantermann, T., Aarts, M.P., Zemmouri, N., et al.",,Physics/Sensing,,,,,,False,False,False,False,https://scholar.google.com/scholar?q=Daylight%3A+What+makes+the+difference%3F+Lighting+Research+%26+Technology+52%2C+423%E2%80%93442+Knoop+2020,https://www.semanticscholar.org/search?q=Daylight%3A+What+makes+the+difference%3F+Lighting+Research+%26+Technology+52%2C+423%E2%80%93442+Knoop+2020,https://paperswithcode.com/search?q=Daylight%3A+What+makes+the+difference%3F+Lighting+Research+%26+Technology+52%2C+423%E2%80%93442,https://github.com/search?q=Daylight%3A+What+makes+the+difference%3F+Lighting+Research+%26+Technology+52%2C+423%E2%80%93442&type=repositories,search links generated; direct paper/code/dataset links not verified,,,"Knoop, M., Stefani, O., Bueno, B., Matusiak, B., Hobday, R., Wirz-Justice, A., Martiny, K., Kantermann, T., Aarts, M.P., Zemmouri, N., et al., 2020. Daylight: What makes the difference? Lighting Research & Technology 52, 423–442."
155,2022,Plant disease diagnosis using deep learning based on aerial hyperspectral images: A review,"Kuswidiyanto, L.W., Noh, H.H., Han, X.","Remote Sensing 14, 6031",Physics/Sensing,,,,,,False,False,False,False,https://scholar.google.com/scholar?q=Plant+disease+diagnosis+using+deep+learning+based+on+aerial+hyperspectral+images%3A+A+review+Kuswidiyanto+2022,https://www.semanticscholar.org/search?q=Plant+disease+diagnosis+using+deep+learning+based+on+aerial+hyperspectral+images%3A+A+review+Kuswidiyanto+2022,https://paperswithcode.com/search?q=Plant+disease+diagnosis+using+deep+learning+based+on+aerial+hyperspectral+images%3A+A+review,https://github.com/search?q=Plant+disease+diagnosis+using+deep+learning+based+on+aerial+hyperspectral+images%3A+A+review&type=repositories,search links generated; direct paper/code/dataset links not verified,,,"Kuswidiyanto, L.W., Noh, H.H., Han, X., 2022. Plant disease diagnosis using deep learning based on aerial hyperspectral images: A review. Remote Sensing 14, 6031."
156,2025,Hyperspectral information extraction with full resolution from arbitrary photographs,"Kwon, S., Park, S.M., Ji, Y., Sakthivel, H., Leem, J.W., Kim, Y.L.","IEEE TIP 34, 5429",Other / Background,,,,,,False,False,False,False,https://scholar.google.com/scholar?q=Hyperspectral+information+extraction+with+full+resolution+from+arbitrary+photographs+Kwon+2025,https://www.semanticscholar.org/search?q=Hyperspectral+information+extraction+with+full+resolution+from+arbitrary+photographs+Kwon+2025,https://paperswithcode.com/search?q=Hyperspectral+information+extraction+with+full+resolution+from+arbitrary+photographs,https://github.com/search?q=Hyperspectral+information+extraction+with+full+resolution+from+arbitrary+photographs&type=repositories,search links generated; direct paper/code/dataset links not verified,,,"Kwon, S., Park, S.M., Ji, Y., Sakthivel, H., Leem, J.W., Kim, Y.L., 2025. Hyperspectral information extraction with full resolution from arbitrary photographs. IEEE TIP 34, 5429."
157,2024,Hyperspectral image super resolution with real unaligned rgb guidance,"Lai, Z., Fu, Y., Zhang, J.",IEEE TNNLS ,Low-level: Super-resolution/Fusion,,,,,,False,False,False,False,https://scholar.google.com/scholar?q=Hyperspectral+image+super+resolution+with+real+unaligned+rgb+guidance+Lai+2024,https://www.semanticscholar.org/search?q=Hyperspectral+image+super+resolution+with+real+unaligned+rgb+guidance+Lai+2024,https://paperswithcode.com/search?q=Hyperspectral+image+super+resolution+with+real+unaligned+rgb+guidance,https://github.com/search?q=Hyperspectral+image+super+resolution+with+real+unaligned+rgb+guidance&type=repositories,search links generated; direct paper/code/dataset links not verified,,,"Lai, Z., Fu, Y., Zhang, J., 2024. Hyperspectral image super resolution with real unaligned rgb guidance. IEEE TNNLS ."
158,2024,Deep learning for hyperspectral imaging ,"Laprade, W.M.",,Other / Background,,,,,,False,False,False,False,https://scholar.google.com/scholar?q=Deep+learning+for+hyperspectral+imaging++Laprade+2024,https://www.semanticscholar.org/search?q=Deep+learning+for+hyperspectral+imaging++Laprade+2024,https://paperswithcode.com/search?q=Deep+learning+for+hyperspectral+imaging+,https://github.com/search?q=Deep+learning+for+hyperspectral+imaging+&type=repositories,search links generated; direct paper/code/dataset links not verified,,,"Laprade, W.M., 2024. Deep learning for hyperspectral imaging ."
159,2024,Hyperleaf2024-a hyperspectral imaging dataset for classification and regression of wheat leaves,"Laprade, W.M., Pieta, P., Kutuzova, S., Westergaard, J.C., Nielsen, M., Christensen, S., Dahl, A.B.","in: CVPR, pp. 1234–1243",Dataset,,,,,,False,False,False,False,https://scholar.google.com/scholar?q=Hyperleaf2024-a+hyperspectral+imaging+dataset+for+classification+and+regression+of+wheat+leaves+Laprade+2024,https://www.semanticscholar.org/search?q=Hyperleaf2024-a+hyperspectral+imaging+dataset+for+classification+and+regression+of+wheat+leaves+Laprade+2024,https://paperswithcode.com/search?q=Hyperleaf2024-a+hyperspectral+imaging+dataset+for+classification+and+regression+of+wheat+leaves,https://github.com/search?q=Hyperleaf2024-a+hyperspectral+imaging+dataset+for+classification+and+regression+of+wheat+leaves&type=repositories,search links generated; direct paper/code/dataset links not verified,,,"Laprade, W.M., Pieta, P., Kutuzova, S., Westergaard, J.C., Nielsen, M., Christensen, S., Dahl, A.B., 2024. Hyperleaf2024-a hyperspectral imaging dataset for classification and regression of wheat leaves, in: CVPR, pp. 1234–1243."
160,2025,A general purpose spectral foundational model for both proximal and remote sensing spectral imaging,"Laprade, W.M., Westergaard, J.C., Christensen, S., Nielsen, M., Dahl, A.B.",arXiv preprint arXiv:2503.01628 ,Physics/Sensing,https://arxiv.org/abs/2503.01628,,,,2503.01628,True,False,False,False,https://scholar.google.com/scholar?q=A+general+purpose+spectral+foundational+model+for+both+proximal+and+remote+sensing+spectral+imaging+Laprade+2025,https://www.semanticscholar.org/search?q=A+general+purpose+spectral+foundational+model+for+both+proximal+and+remote+sensing+spectral+imaging+Laprade+2025,https://paperswithcode.com/search?q=A+general+purpose+spectral+foundational+model+for+both+proximal+and+remote+sensing+spectral+imaging,https://github.com/search?q=A+general+purpose+spectral+foundational+model+for+both+proximal+and+remote+sensing+spectral+imaging&type=repositories,arXiv URL parsed from reference; other direct links not verified,,,"Laprade, W.M., Westergaard, J.C., Christensen, S., Nielsen, M., Dahl, A.B., 2025. A general purpose spectral foundational model for both proximal and remote sensing spectral imaging. arXiv preprint arXiv:2503.01628 ."
161,2014,Multispectral filter arrays: Recent advances and practical implementation,"Lapray, P.J., Wang, X., Thomas, J.B., Gouton, P.","Sensors 14, 21626–21659",Physics/Sensing,,,,,,False,False,False,False,https://scholar.google.com/scholar?q=Multispectral+filter+arrays%3A+Recent+advances+and+practical+implementation+Lapray+2014,https://www.semanticscholar.org/search?q=Multispectral+filter+arrays%3A+Recent+advances+and+practical+implementation+Lapray+2014,https://paperswithcode.com/search?q=Multispectral+filter+arrays%3A+Recent+advances+and+practical+implementation,https://github.com/search?q=Multispectral+filter+arrays%3A+Recent+advances+and+practical+implementation&type=repositories,search links generated; direct paper/code/dataset links not verified,,,"Lapray, P.J., Wang, X., Thomas, J.B., Gouton, P., 2014. Multispectral filter arrays: Recent advances and practical implementation. Sensors 14, 21626–21659."
162,2023,Hyperspectral band clustering for visualisation,"Le Moan, S.","in: 2023 13th Workshop on Hyperspectral Imaging and Signal Processing: Evolution in Remote Sensing (WHISPERS), IEEE. pp. 1–5",Physics/Sensing,,,,,,False,False,False,False,https://scholar.google.com/scholar?q=Hyperspectral+band+clustering+for+visualisation+Le+Moan+2023,https://www.semanticscholar.org/search?q=Hyperspectral+band+clustering+for+visualisation+Le+Moan+2023,https://paperswithcode.com/search?q=Hyperspectral+band+clustering+for+visualisation,https://github.com/search?q=Hyperspectral+band+clustering+for+visualisation&type=repositories,search links generated; direct paper/code/dataset links not verified,,,"Le Moan, S., 2023. Hyperspectral band clustering for visualisation, in: 2023 13th Workshop on Hyperspectral Imaging and Signal Processing: Evolution in Remote Sensing (WHISPERS), IEEE. pp. 1–5."
163,2022,Deep hyperspectral-depth reconstruction using single color-dot projection,"Li, C., Monno, Y., Okutomi, M.","in: CVPR, pp. 19770– 19779",Low-level: Reconstruction,,,,,,False,False,False,False,https://scholar.google.com/scholar?q=Deep+hyperspectral-depth+reconstruction+using+single+color-dot+projection+Li+2022,https://www.semanticscholar.org/search?q=Deep+hyperspectral-depth+reconstruction+using+single+color-dot+projection+Li+2022,https://paperswithcode.com/search?q=Deep+hyperspectral-depth+reconstruction+using+single+color-dot+projection,https://github.com/search?q=Deep+hyperspectral-depth+reconstruction+using+single+color-dot+projection&type=repositories,search links generated; direct paper/code/dataset links not verified,,,"Li, C., Monno, Y., Okutomi, M., 2022a. Deep hyperspectral-depth reconstruction using single color-dot projection, in: CVPR, pp. 19770– 19779."
164,2024,Casformer: Cascaded transformers for fusion-aware computational hyperspectral imaging,"Li, C., Zhang, B., Hong, D., Zhou, J., Vivone, G., Li, S., Chanussot, J.","Information Fusion 108, 102408",Low-level: Super-resolution/Fusion,,,,,,False,False,False,False,https://scholar.google.com/scholar?q=Casformer%3A+Cascaded+transformers+for+fusion-aware+computational+hyperspectral+imaging+Li+2024,https://www.semanticscholar.org/search?q=Casformer%3A+Cascaded+transformers+for+fusion-aware+computational+hyperspectral+imaging+Li+2024,https://paperswithcode.com/search?q=Casformer%3A+Cascaded+transformers+for+fusion-aware+computational+hyperspectral+imaging,https://github.com/search?q=Casformer%3A+Cascaded+transformers+for+fusion-aware+computational+hyperspectral+imaging&type=repositories,search links generated; direct paper/code/dataset links not verified,,,"Li, C., Zhang, B., Hong, D., Zhou, J., Vivone, G., Li, S., Chanussot, J., 2024a. Casformer: Cascaded transformers for fusion-aware computational hyperspectral imaging. Information Fusion 108, 102408."
165,2025,Enhanced pansharpening via quaternion spatial-spectral interactions,"Li, D., Luo, C., Bao, Y., Yang, G., Xiao, J., Fu, X., Zha, Z.J.","in: ICCV, pp. 10908–10918",Low-level: Super-resolution/Fusion,,,,,,False,False,False,False,https://scholar.google.com/scholar?q=Enhanced+pansharpening+via+quaternion+spatial-spectral+interactions+Li+2025,https://www.semanticscholar.org/search?q=Enhanced+pansharpening+via+quaternion+spatial-spectral+interactions+Li+2025,https://paperswithcode.com/search?q=Enhanced+pansharpening+via+quaternion+spatial-spectral+interactions,https://github.com/search?q=Enhanced+pansharpening+via+quaternion+spatial-spectral+interactions&type=repositories,search links generated; direct paper/code/dataset links not verified,,,"Li, D., Luo, C., Bao, Y., Yang, G., Xiao, J., Fu, X., Zha, Z.J., 2025a. Enhanced pansharpening via quaternion spatial-spectral interactions, in: ICCV, pp. 10908–10918."
166,2024,Snapshot spectral imaging for face anti-spoofing: Addressing data challenges with advanced processing and training,"Li, H., Xu, Y., Zou, Z., He, Z.","in: CVPR, pp. 1005–1012",Dataset,,,,,,False,False,False,False,https://scholar.google.com/scholar?q=Snapshot+spectral+imaging+for+face+anti-spoofing%3A+Addressing+data+challenges+with+advanced+processing+and+training+Li+2024,https://www.semanticscholar.org/search?q=Snapshot+spectral+imaging+for+face+anti-spoofing%3A+Addressing+data+challenges+with+advanced+processing+and+training+Li+2024,https://paperswithcode.com/search?q=Snapshot+spectral+imaging+for+face+anti-spoofing%3A+Addressing+data+challenges+with+advanced+processing+and+training,https://github.com/search?q=Snapshot+spectral+imaging+for+face+anti-spoofing%3A+Addressing+data+challenges+with+advanced+processing+and+training&type=repositories,search links generated; direct paper/code/dataset links not verified,,,"Li, H., Xu, Y., Zou, Z., He, Z., 2024b. Snapshot spectral imaging for face anti-spoofing: Addressing data challenges with advanced processing and training, in: CVPR, pp. 1005–1012."
167,2024,Spec-nerf: Multi-spectral neural radiance fields,"Li, J., Li, Y., Sun, C., Wang, C., Xiang, J.","in: ICASSP 2024-2024 IEEE International Conference on Acoustics, Speech and Signal Processing (ICASSP), IEEE. pp. 2485–2489",Other / Background,,,,,,False,False,False,False,https://scholar.google.com/scholar?q=Spec-nerf%3A+Multi-spectral+neural+radiance+fields+Li+2024,https://www.semanticscholar.org/search?q=Spec-nerf%3A+Multi-spectral+neural+radiance+fields+Li+2024,https://paperswithcode.com/search?q=Spec-nerf%3A+Multi-spectral+neural+radiance+fields,https://github.com/search?q=Spec-nerf%3A+Multi-spectral+neural+radiance+fields&type=repositories,search links generated; direct paper/code/dataset links not verified,,,"Li, J., Li, Y., Sun, C., Wang, C., Xiang, J., 2024c. Spec-nerf: Multi-spectral neural radiance fields, in: ICASSP 2024-2024 IEEE International Conference on Acoustics, Speech and Signal Processing (ICASSP), IEEE. pp. 2485–2489."
168,2023,Busifusion: Blind unsupervised single image fusion of hyperspectral and rgb images,"Li, J., Li, Y., Wang, C., Ye, X., Heidrich, W.","IEEE TCI 9, 94–105",Low-level: Reconstruction,,,,,,False,False,False,False,https://scholar.google.com/scholar?q=Busifusion%3A+Blind+unsupervised+single+image+fusion+of+hyperspectral+and+rgb+images+Li+2023,https://www.semanticscholar.org/search?q=Busifusion%3A+Blind+unsupervised+single+image+fusion+of+hyperspectral+and+rgb+images+Li+2023,https://paperswithcode.com/search?q=Busifusion%3A+Blind+unsupervised+single+image+fusion+of+hyperspectral+and+rgb+images,https://github.com/search?q=Busifusion%3A+Blind+unsupervised+single+image+fusion+of+hyperspectral+and+rgb+images&type=repositories,search links generated; direct paper/code/dataset links not verified,,,"Li, J., Li, Y., Wang, C., Ye, X., Heidrich, W., 2023a. Busifusion: Blind unsupervised single image fusion of hyperspectral and rgb images. IEEE TCI 9, 94–105."
169,2024,Region-based spectral-spatial mutual induction network for hyperspectral image reconstruction,"Li, J., Zhao, W., Xu, T.",IEEE TCI ,Low-level: Reconstruction,,,,,,False,False,False,False,https://scholar.google.com/scholar?q=Region-based+spectral-spatial+mutual+induction+network+for+hyperspectral+image+reconstruction+Li+2024,https://www.semanticscholar.org/search?q=Region-based+spectral-spatial+mutual+induction+network+for+hyperspectral+image+reconstruction+Li+2024,https://paperswithcode.com/search?q=Region-based+spectral-spatial+mutual+induction+network+for+hyperspectral+image+reconstruction,https://github.com/search?q=Region-based+spectral-spatial+mutual+induction+network+for+hyperspectral+image+reconstruction&type=repositories,search links generated; direct paper/code/dataset links not verified,,,"Li, J., Zhao, W., Xu, T., 2024d. Region-based spectral-spatial mutual induction network for hyperspectral image reconstruction. IEEE TCI ."
170,2024,Test-time training for hyperspectral image super-resolution,"Li, K., Van Gool, L., Dai, D.",IEEE TPAMI ,Low-level: Super-resolution/Fusion,,,,,,False,False,False,False,https://scholar.google.com/scholar?q=Test-time+training+for+hyperspectral+image+super-resolution+Li+2024,https://www.semanticscholar.org/search?q=Test-time+training+for+hyperspectral+image+super-resolution+Li+2024,https://paperswithcode.com/search?q=Test-time+training+for+hyperspectral+image+super-resolution,https://github.com/search?q=Test-time+training+for+hyperspectral+image+super-resolution&type=repositories,search links generated; direct paper/code/dataset links not verified,,,"Li, K., Van Gool, L., Dai, D., 2024e. Test-time training for hyperspectral image super-resolution. IEEE TPAMI ."
171,2023,Pixel adaptive deep unfolding transformer for hyperspectral image reconstruction,"Li, M., Fu, Y., Liu, J., Zhang, Y.","in: ICCV, pp. 12959–12968",Low-level: Reconstruction,,,,,,False,False,False,False,https://scholar.google.com/scholar?q=Pixel+adaptive+deep+unfolding+transformer+for+hyperspectral+image+reconstruction+Li+2023,https://www.semanticscholar.org/search?q=Pixel+adaptive+deep+unfolding+transformer+for+hyperspectral+image+reconstruction+Li+2023,https://paperswithcode.com/search?q=Pixel+adaptive+deep+unfolding+transformer+for+hyperspectral+image+reconstruction,https://github.com/search?q=Pixel+adaptive+deep+unfolding+transformer+for+hyperspectral+image+reconstruction&type=repositories,search links generated; direct paper/code/dataset links not verified,,,"Li, M., Fu, Y., Liu, J., Zhang, Y., 2023b. Pixel adaptive deep unfolding transformer for hyperspectral image reconstruction, in: ICCV, pp. 12959–12968."
172,2025,Latent diffusion enhanced rectangle transformer for hyperspectral image restoration,"Li, M., Fu, Y., Zhang, T., Liu, J., Dou, D., Yan, C., Zhang, Y.","IEEE TPAMI 47, 549–564",Low-level: Super-resolution/Fusion,,,,,,False,False,False,False,https://scholar.google.com/scholar?q=Latent+diffusion+enhanced+rectangle+transformer+for+hyperspectral+image+restoration+Li+2025,https://www.semanticscholar.org/search?q=Latent+diffusion+enhanced+rectangle+transformer+for+hyperspectral+image+restoration+Li+2025,https://paperswithcode.com/search?q=Latent+diffusion+enhanced+rectangle+transformer+for+hyperspectral+image+restoration,https://github.com/search?q=Latent+diffusion+enhanced+rectangle+transformer+for+hyperspectral+image+restoration&type=repositories,search links generated; direct paper/code/dataset links not verified,,,"Li, M., Fu, Y., Zhang, T., Liu, J., Dou, D., Yan, C., Zhang, Y., 2025b. Latent diffusion enhanced rectangle transformer for hyperspectral image restoration. IEEE TPAMI 47, 549–564."
173,2023,Spectral enhanced rectangle transformer for hyperspectral image denoising,"Li, M., Liu, J., Fu, Y., Zhang, Y., Dou, D.","in: CVPR, pp. 5805–5814",Low-level: Denoising/Restoration,https://arxiv.org/abs/2304.00844,,https://github.com/MyuLi/SERT,,,True,True,False,False,https://scholar.google.com/scholar?q=Spectral+enhanced+rectangle+transformer+for+hyperspectral+image+denoising+Li+2023,https://www.semanticscholar.org/search?q=Spectral+enhanced+rectangle+transformer+for+hyperspectral+image+denoising+Li+2023,https://paperswithcode.com/search?q=Spectral+enhanced+rectangle+transformer+for+hyperspectral+image+denoising,https://github.com/search?q=Spectral+enhanced+rectangle+transformer+for+hyperspectral+image+denoising&type=repositories,verified arXiv + code link,https://github.com/MyuLi/SERT,,"Li, M., Liu, J., Fu, Y., Zhang, Y., Dou, D., 2023c. Spectral enhanced rectangle transformer for hyperspectral image denoising, in: CVPR, pp. 5805–5814."
174,2022,Dual-stage approach toward hyperspectral image super-resolution,"Li, Q., Yuan, Y., Jia, X., Wang, Q.","IEEE TIP 31, 7252–7263",Low-level: Super-resolution/Fusion,,,,,,False,False,False,False,https://scholar.google.com/scholar?q=Dual-stage+approach+toward+hyperspectral+image+super-resolution+Li+2022,https://www.semanticscholar.org/search?q=Dual-stage+approach+toward+hyperspectral+image+super-resolution+Li+2022,https://paperswithcode.com/search?q=Dual-stage+approach+toward+hyperspectral+image+super-resolution,https://github.com/search?q=Dual-stage+approach+toward+hyperspectral+image+super-resolution&type=repositories,search links generated; direct paper/code/dataset links not verified,,,"Li, Q., Yuan, Y., Jia, X., Wang, Q., 2022b. Dual-stage approach toward hyperspectral image super-resolution. IEEE TIP 31, 7252–7263."
175,2024,Spectralnerf: Physically based spectral rendering with neural radiance field,"Li, R., Liu, J., Liu, G., Zhang, S., Zeng, B., Liu, S.","in: AAAI, pp. 3154–3162",Other / Background,,,,,,False,False,False,False,https://scholar.google.com/scholar?q=Spectralnerf%3A+Physically+based+spectral+rendering+with+neural+radiance+field+Li+2024,https://www.semanticscholar.org/search?q=Spectralnerf%3A+Physically+based+spectral+rendering+with+neural+radiance+field+Li+2024,https://paperswithcode.com/search?q=Spectralnerf%3A+Physically+based+spectral+rendering+with+neural+radiance+field,https://github.com/search?q=Spectralnerf%3A+Physically+based+spectral+rendering+with+neural+radiance+field&type=repositories,search links generated; direct paper/code/dataset links not verified,,,"Li, R., Liu, J., Liu, G., Zhang, S., Zeng, B., Liu, S., 2024f. Spectralnerf: Physically based spectral rendering with neural radiance field, in: AAAI, pp. 3154–3162."
176,2019,Deep learning for hyperspectral image classification: An overview,"Li, S., Song, W., Fang, L., Chen, Y., Ghamisi, P., Benediktsson, J.A.","IEEE TGRS 57, 6690–6709",High-level: Segmentation/Detection/Tracking,,,,,,False,False,False,False,https://scholar.google.com/scholar?q=Deep+learning+for+hyperspectral+image+classification%3A+An+overview+Li+2019,https://www.semanticscholar.org/search?q=Deep+learning+for+hyperspectral+image+classification%3A+An+overview+Li+2019,https://paperswithcode.com/search?q=Deep+learning+for+hyperspectral+image+classification%3A+An+overview,https://github.com/search?q=Deep+learning+for+hyperspectral+image+classification%3A+An+overview&type=repositories,search links generated; direct paper/code/dataset links not verified,,,"Li, S., Song, W., Fang, L., Chen, Y., Ghamisi, P., Benediktsson, J.A., 2019. Deep learning for hyperspectral image classification: An overview. IEEE TGRS 57, 6690–6709."
177,2025,Mmot: The first challenging benchmark for drone-based multispectral multi-object tracking,"Li, T., Xu, T., Wang, Y., Qin, H., Lin, X., Li, J.",arXiv preprint arXiv:2510.12565 ,Dataset,https://arxiv.org/abs/2510.12565,,,,2510.12565,True,False,False,False,https://scholar.google.com/scholar?q=Mmot%3A+The+first+challenging+benchmark+for+drone-based+multispectral+multi-object+tracking+Li+2025,https://www.semanticscholar.org/search?q=Mmot%3A+The+first+challenging+benchmark+for+drone-based+multispectral+multi-object+tracking+Li+2025,https://paperswithcode.com/search?q=Mmot%3A+The+first+challenging+benchmark+for+drone-based+multispectral+multi-object+tracking,https://github.com/search?q=Mmot%3A+The+first+challenging+benchmark+for+drone-based+multispectral+multi-object+tracking&type=repositories,arXiv URL parsed from reference; other direct links not verified,,,"Li, T., Xu, T., Wang, Y., Qin, H., Lin, X., Li, J., 2025c. Mmot: The first challenging benchmark for drone-based multispectral multi-object tracking. arXiv preprint arXiv:2510.12565 ."
178,2025,High-throughput decomposition-inspired deep unfolding network for image compressed sensing,"Li, T., Yan, Q., Li, Y., Yan, J.",IEEE TCI ,Physics/Sensing,,,,,,False,False,False,False,https://scholar.google.com/scholar?q=High-throughput+decomposition-inspired+deep+unfolding+network+for+image+compressed+sensing+Li+2025,https://www.semanticscholar.org/search?q=High-throughput+decomposition-inspired+deep+unfolding+network+for+image+compressed+sensing+Li+2025,https://paperswithcode.com/search?q=High-throughput+decomposition-inspired+deep+unfolding+network+for+image+compressed+sensing,https://github.com/search?q=High-throughput+decomposition-inspired+deep+unfolding+network+for+image+compressed+sensing&type=repositories,search links generated; direct paper/code/dataset links not verified,,,"Li, T., Yan, Q., Li, Y., Yan, J., 2025d. High-throughput decomposition-inspired deep unfolding network for image compressed sensing. IEEE TCI ."
179,2023,"An overview of hyperspectral image feature extraction, classification methods and the methods based on small samples","Li, X., Li, Z., Qiu, H., Hou, G., Fan, P.","Applied Spectroscopy Reviews 58, 367–400",High-level: Segmentation/Detection/Tracking,,,,,,False,False,False,False,https://scholar.google.com/scholar?q=An+overview+of+hyperspectral+image+feature+extraction%2C+classification+methods+and+the+methods+based+on+small+samples+Li+2023,https://www.semanticscholar.org/search?q=An+overview+of+hyperspectral+image+feature+extraction%2C+classification+methods+and+the+methods+based+on+small+samples+Li+2023,https://paperswithcode.com/search?q=An+overview+of+hyperspectral+image+feature+extraction%2C+classification+methods+and+the+methods+based+on+small+samples,https://github.com/search?q=An+overview+of+hyperspectral+image+feature+extraction%2C+classification+methods+and+the+methods+based+on+small+samples&type=repositories,search links generated; direct paper/code/dataset links not verified,,,"Li, X., Li, Z., Qiu, H., Hou, G., Fan, P., 2023d. An overview of hyperspectral image feature extraction, classification methods and the methods based on small samples. Applied Spectroscopy Reviews 58, 367–400."
180,2021,Multispectral illumination estimation using deep unrolling network,"Li, Y., Fu, Q., Heidrich, W.","in: ICCV, pp. 2672–2681",Physics/Sensing,,,,,,False,False,False,False,https://scholar.google.com/scholar?q=Multispectral+illumination+estimation+using+deep+unrolling+network+Li+2021,https://www.semanticscholar.org/search?q=Multispectral+illumination+estimation+using+deep+unrolling+network+Li+2021,https://paperswithcode.com/search?q=Multispectral+illumination+estimation+using+deep+unrolling+network,https://github.com/search?q=Multispectral+illumination+estimation+using+deep+unrolling+network&type=repositories,search links generated; direct paper/code/dataset links not verified,,,"Li, Y., Fu, Q., Heidrich, W., 2021. Multispectral illumination estimation using deep unrolling network, in: ICCV, pp. 2672–2681."
181,2017,Hyperspectral image super-resolution using deep convolutional neural network,"Li, Y., Hu, J., Zhao, X., Xie, W., Li, J.","Neurocomputing 266, 29–41",Low-level: Super-resolution/Fusion,,,,,,False,False,False,False,https://scholar.google.com/scholar?q=Hyperspectral+image+super-resolution+using+deep+convolutional+neural+network+Li+2017,https://www.semanticscholar.org/search?q=Hyperspectral+image+super-resolution+using+deep+convolutional+neural+network+Li+2017,https://paperswithcode.com/search?q=Hyperspectral+image+super-resolution+using+deep+convolutional+neural+network,https://github.com/search?q=Hyperspectral+image+super-resolution+using+deep+convolutional+neural+network&type=repositories,search links generated; direct paper/code/dataset links not verified,,,"Li, Y., Hu, J., Zhao, X., Xie, W., Li, J., 2017a. Hyperspectral image super-resolution using deep convolutional neural network. Neurocomputing 266, 29–41."
182,2025,Single-view fluorescence molecular tomography based on hyperspectral nir-ii imaging,"Li, Y., Liu, Q., Cai, F.","IEEE TCI 11, 1161–1173",Other / Background,,,,,,False,False,False,False,https://scholar.google.com/scholar?q=Single-view+fluorescence+molecular+tomography+based+on+hyperspectral+nir-ii+imaging+Li+2025,https://www.semanticscholar.org/search?q=Single-view+fluorescence+molecular+tomography+based+on+hyperspectral+nir-ii+imaging+Li+2025,https://paperswithcode.com/search?q=Single-view+fluorescence+molecular+tomography+based+on+hyperspectral+nir-ii+imaging,https://github.com/search?q=Single-view+fluorescence+molecular+tomography+based+on+hyperspectral+nir-ii+imaging&type=repositories,search links generated; direct paper/code/dataset links not verified,,,"Li, Y., Liu, Q., Cai, F., 2025e. Single-view fluorescence molecular tomography based on hyperspectral nir-ii imaging. IEEE TCI 11, 1161–1173."
183,2017,Spectral–spatial classification of hyperspectral imagery with 3d convolutional neural network,"Li, Y., Zhang, H., Shen, Q.","Remote Sensing 9, 67",High-level: Segmentation/Detection/Tracking,,,,,,False,False,False,False,https://scholar.google.com/scholar?q=Spectral%E2%80%93spatial+classification+of+hyperspectral+imagery+with+3d+convolutional+neural+network+Li+2017,https://www.semanticscholar.org/search?q=Spectral%E2%80%93spatial+classification+of+hyperspectral+imagery+with+3d+convolutional+neural+network+Li+2017,https://paperswithcode.com/search?q=Spectral%E2%80%93spatial+classification+of+hyperspectral+imagery+with+3d+convolutional+neural+network,https://github.com/search?q=Spectral%E2%80%93spatial+classification+of+hyperspectral+imagery+with+3d+convolutional+neural+network&type=repositories,search links generated; direct paper/code/dataset links not verified,,,"Li, Y., Zhang, H., Shen, Q., 2017b. Spectral–spatial classification of hyperspectral imagery with 3d convolutional neural network. Remote Sensing 9, 67."
184,2025,Physical degradation model-guided interferometric hyperspectral reconstruction with unfolding transformer,"Li, Y., Zou, Y., Chen, L., Fu, Y.",arXiv preprint arXiv:2506.21880 ,Low-level: Reconstruction,https://arxiv.org/abs/2506.21880,,,,2506.21880,True,False,False,False,https://scholar.google.com/scholar?q=Physical+degradation+model-guided+interferometric+hyperspectral+reconstruction+with+unfolding+transformer+Li+2025,https://www.semanticscholar.org/search?q=Physical+degradation+model-guided+interferometric+hyperspectral+reconstruction+with+unfolding+transformer+Li+2025,https://paperswithcode.com/search?q=Physical+degradation+model-guided+interferometric+hyperspectral+reconstruction+with+unfolding+transformer,https://github.com/search?q=Physical+degradation+model-guided+interferometric+hyperspectral+reconstruction+with+unfolding+transformer&type=repositories,arXiv URL parsed from reference; other direct links not verified,,,"Li, Y., Zou, Y., Chen, L., Fu, Y., 2025f. Physical degradation model-guided interferometric hyperspectral reconstruction with unfolding transformer. arXiv preprint arXiv:2506.21880 ."
185,2025,Multi-domain universal representation learning for hyperspectral object tracking,"Li, Z., Xiong, F., Lu, J., Wang, J., Chen, D., Zhou, J., Qian, Y.","Pattern Recognition 162, 111389",High-level: Segmentation/Detection/Tracking,,,,,,False,False,False,False,https://scholar.google.com/scholar?q=Multi-domain+universal+representation+learning+for+hyperspectral+object+tracking+Li+2025,https://www.semanticscholar.org/search?q=Multi-domain+universal+representation+learning+for+hyperspectral+object+tracking+Li+2025,https://paperswithcode.com/search?q=Multi-domain+universal+representation+learning+for+hyperspectral+object+tracking,https://github.com/search?q=Multi-domain+universal+representation+learning+for+hyperspectral+object+tracking&type=repositories,search links generated; direct paper/code/dataset links not verified,,,"Li, Z., Xiong, F., Lu, J., Wang, J., Chen, D., Zhou, J., Qian, Y., 2025g. Multi-domain universal representation learning for hyperspectral object tracking. Pattern Recognition 162, 111389."
186,2023,Learning a deep ensemble network with band importance for hyperspectral object tracking,"Li, Z., Xiong, F., Zhou, J., Lu, J., Qian, Y.","IEEE TIP 32, 2901–2914",High-level: Segmentation/Detection/Tracking,,,,,,False,False,False,False,https://scholar.google.com/scholar?q=Learning+a+deep+ensemble+network+with+band+importance+for+hyperspectral+object+tracking+Li+2023,https://www.semanticscholar.org/search?q=Learning+a+deep+ensemble+network+with+band+importance+for+hyperspectral+object+tracking+Li+2023,https://paperswithcode.com/search?q=Learning+a+deep+ensemble+network+with+band+importance+for+hyperspectral+object+tracking,https://github.com/search?q=Learning+a+deep+ensemble+network+with+band+importance+for+hyperspectral+object+tracking&type=repositories,search links generated; direct paper/code/dataset links not verified,,,"Li, Z., Xiong, F., Zhou, J., Lu, J., Qian, Y., 2023e. Learning a deep ensemble network with band importance for hyperspectral object tracking. IEEE TIP 32, 2901–2914."
187,2024,Material-guided multiview fusion network for hyperspectral object tracking,"Li, Z., Xiong, F., Zhou, J., Lu, J., Zhao, Z., Qian, Y.","IEEE TGRS 62, 1–15",Low-level: Super-resolution/Fusion,,,,,,False,False,False,False,https://scholar.google.com/scholar?q=Material-guided+multiview+fusion+network+for+hyperspectral+object+tracking+Li+2024,https://www.semanticscholar.org/search?q=Material-guided+multiview+fusion+network+for+hyperspectral+object+tracking+Li+2024,https://paperswithcode.com/search?q=Material-guided+multiview+fusion+network+for+hyperspectral+object+tracking,https://github.com/search?q=Material-guided+multiview+fusion+network+for+hyperspectral+object+tracking&type=repositories,search links generated; direct paper/code/dataset links not verified,,,"Li, Z., Xiong, F., Zhou, J., Lu, J., Zhao, Z., Qian, Y., 2024g. Material-guided multiview fusion network for hyperspectral object tracking. IEEE TGRS 62, 1–15."
188,2020,Bae-net: A band attention aware ensemble network for hyperspectral object tracking,"Li, Z., Xiong, F., Zhou, J., Wang, J., Lu, J., Qian, Y.","in: 2020 IEEE international Conference on image processing (ICIP), IEEE. pp. 2106–2110",High-level: Segmentation/Detection/Tracking,,,,,,False,False,False,False,https://scholar.google.com/scholar?q=Bae-net%3A+A+band+attention+aware+ensemble+network+for+hyperspectral+object+tracking+Li+2020,https://www.semanticscholar.org/search?q=Bae-net%3A+A+band+attention+aware+ensemble+network+for+hyperspectral+object+tracking+Li+2020,https://paperswithcode.com/search?q=Bae-net%3A+A+band+attention+aware+ensemble+network+for+hyperspectral+object+tracking,https://github.com/search?q=Bae-net%3A+A+band+attention+aware+ensemble+network+for+hyperspectral+object+tracking&type=repositories,search links generated; direct paper/code/dataset links not verified,,,"Li, Z., Xiong, F., Zhou, J., Wang, J., Lu, J., Qian, Y., 2020. Bae-net: A band attention aware ensemble network for hyperspectral object tracking, in: 2020 IEEE international Conference on image processing (ICIP), IEEE. pp. 2106–2110."
189,2025,Building non-uniform degradation model for position-aware hyperspectral image fusion,"Lian, J., Wang, L., Zhu, L., Dian, R., Xiong, Z., Huang, H.","IEEE TPAMI 47, 11464–11482",Low-level: Super-resolution/Fusion,,,,,,False,False,False,False,https://scholar.google.com/scholar?q=Building+non-uniform+degradation+model+for+position-aware+hyperspectral+image+fusion+Lian+2025,https://www.semanticscholar.org/search?q=Building+non-uniform+degradation+model+for+position-aware+hyperspectral+image+fusion+Lian+2025,https://paperswithcode.com/search?q=Building+non-uniform+degradation+model+for+position-aware+hyperspectral+image+fusion,https://github.com/search?q=Building+non-uniform+degradation+model+for+position-aware+hyperspectral+image+fusion&type=repositories,search links generated; direct paper/code/dataset links not verified,,,"Lian, J., Wang, L., Zhu, L., Dian, R., Xiong, Z., Huang, H., 2025. Building non-uniform degradation model for position-aware hyperspectral image fusion. IEEE TPAMI 47, 11464–11482."
190,2025,Hybrid spatial-spectral neural network for hyperspectral image denoising,"Liang, H., Ke, C., Li, K.","in: ECCV, Springer. pp. 278–294",Low-level: Denoising/Restoration,,,,,,False,False,False,False,https://scholar.google.com/scholar?q=Hybrid+spatial-spectral+neural+network+for+hyperspectral+image+denoising+Liang+2025,https://www.semanticscholar.org/search?q=Hybrid+spatial-spectral+neural+network+for+hyperspectral+image+denoising+Liang+2025,https://paperswithcode.com/search?q=Hybrid+spatial-spectral+neural+network+for+hyperspectral+image+denoising,https://github.com/search?q=Hybrid+spatial-spectral+neural+network+for+hyperspectral+image+denoising&type=repositories,search links generated; direct paper/code/dataset links not verified,,,"Liang, H., Ke, C., Li, K., 2025. Hybrid spatial-spectral neural network for hyperspectral image denoising, in: ECCV, Springer. pp. 278–294."
191,2018,Material based salient object detection from hyperspectral images,"Liang, J., Zhou, J., Tong, L., Bai, X., Wang, B.","Pattern Recognition 76, 476–490",High-level: Segmentation/Detection/Tracking,,,,,,False,False,False,False,https://scholar.google.com/scholar?q=Material+based+salient+object+detection+from+hyperspectral+images+Liang+2018,https://www.semanticscholar.org/search?q=Material+based+salient+object+detection+from+hyperspectral+images+Liang+2018,https://paperswithcode.com/search?q=Material+based+salient+object+detection+from+hyperspectral+images,https://github.com/search?q=Material+based+salient+object+detection+from+hyperspectral+images&type=repositories,search links generated; direct paper/code/dataset links not verified,,,"Liang, J., Zhou, J., Tong, L., Bai, X., Wang, B., 2018. Material based salient object detection from hyperspectral images. Pattern Recognition 76, 476–490."
192,2024,Fourier-enhanced implicit neural fusion network for multispectral and hyperspectral image fusion,"Liang, Y., Cao, Z., Deng, S., Dou, H.X., Deng, L.J.","Advances in Neural Information Processing Systems 37, 63441–63465",Low-level: Super-resolution/Fusion,,,,,,False,False,False,False,https://scholar.google.com/scholar?q=Fourier-enhanced+implicit+neural+fusion+network+for+multispectral+and+hyperspectral+image+fusion+Liang+2024,https://www.semanticscholar.org/search?q=Fourier-enhanced+implicit+neural+fusion+network+for+multispectral+and+hyperspectral+image+fusion+Liang+2024,https://paperswithcode.com/search?q=Fourier-enhanced+implicit+neural+fusion+network+for+multispectral+and+hyperspectral+image+fusion,https://github.com/search?q=Fourier-enhanced+implicit+neural+fusion+network+for+multispectral+and+hyperspectral+image+fusion&type=repositories,search links generated; direct paper/code/dataset links not verified,,,"Liang, Y., Cao, Z., Deng, S., Dou, H.X., Deng, L.J., 2024. Fourier-enhanced implicit neural fusion network for multispectral and hyperspectral image fusion. Advances in Neural Information Processing Systems 37, 63441–63465."
193,2017,Constrained manifold learning for hyperspectral imagery visualization,"Liao, D., Qian, Y., Tang, Y.Y.","IEEE Journal of Selected Topics in Applied Earth Observations and Remote Sensing 11, 1213–1226",Physics/Sensing,,,,,,False,False,False,False,https://scholar.google.com/scholar?q=Constrained+manifold+learning+for+hyperspectral+imagery+visualization+Liao+2017,https://www.semanticscholar.org/search?q=Constrained+manifold+learning+for+hyperspectral+imagery+visualization+Liao+2017,https://paperswithcode.com/search?q=Constrained+manifold+learning+for+hyperspectral+imagery+visualization,https://github.com/search?q=Constrained+manifold+learning+for+hyperspectral+imagery+visualization&type=repositories,search links generated; direct paper/code/dataset links not verified,,,"Liao, D., Qian, Y., Tang, Y.Y., 2017. Constrained manifold learning for hyperspectral imagery visualization. IEEE Journal of Selected Topics in Applied Earth Observations and Remote Sensing 11, 1213–1226."
194,2016,A manifold alignment approach for hyperspectral image visualization with natural color,"Liao, D., Qian, Y., Zhou, J., Tang, Y.Y.","IEEE TGRS 54, 3151–3162",Other / Background,,,,,,False,False,False,False,https://scholar.google.com/scholar?q=A+manifold+alignment+approach+for+hyperspectral+image+visualization+with+natural+color+Liao+2016,https://www.semanticscholar.org/search?q=A+manifold+alignment+approach+for+hyperspectral+image+visualization+with+natural+color+Liao+2016,https://paperswithcode.com/search?q=A+manifold+alignment+approach+for+hyperspectral+image+visualization+with+natural+color,https://github.com/search?q=A+manifold+alignment+approach+for+hyperspectral+image+visualization+with+natural+color&type=repositories,search links generated; direct paper/code/dataset links not verified,,,"Liao, D., Qian, Y., Zhou, J., Tang, Y.Y., 2016. A manifold alignment approach for hyperspectral image visualization with natural color. IEEE TGRS 54, 3151–3162."
195,2021,4d hyperspectral photoacoustic data restoration with reliability analysis,"Liao, W., Subpa-Asa, A., Zheng, Y., Sato, I.","in: CVPR, pp. 4598–4607",Low-level: Denoising/Restoration,,,,,,False,False,False,False,https://scholar.google.com/scholar?q=4d+hyperspectral+photoacoustic+data+restoration+with+reliability+analysis+Liao+2021,https://www.semanticscholar.org/search?q=4d+hyperspectral+photoacoustic+data+restoration+with+reliability+analysis+Liao+2021,https://paperswithcode.com/search?q=4d+hyperspectral+photoacoustic+data+restoration+with+reliability+analysis,https://github.com/search?q=4d+hyperspectral+photoacoustic+data+restoration+with+reliability+analysis&type=repositories,search links generated; direct paper/code/dataset links not verified,,,"Liao, W., Subpa-Asa, A., Zheng, Y., Sato, I., 2021. 4d hyperspectral photoacoustic data restoration with reliability analysis, in: CVPR, pp. 4598–4607."
196,2025,Parameter-efficient fine-tuning of multispectral foundation models for hyperspectral image classification,"Ligan, B., Jbilou, K., Kalloubi, F., Ratnani, A.",arXiv preprint arXiv:2505.15334 ,Foundation Model,https://arxiv.org/abs/2505.15334,,,,2505.15334,True,False,False,False,https://scholar.google.com/scholar?q=Parameter-efficient+fine-tuning+of+multispectral+foundation+models+for+hyperspectral+image+classification+Ligan+2025,https://www.semanticscholar.org/search?q=Parameter-efficient+fine-tuning+of+multispectral+foundation+models+for+hyperspectral+image+classification+Ligan+2025,https://paperswithcode.com/search?q=Parameter-efficient+fine-tuning+of+multispectral+foundation+models+for+hyperspectral+image+classification,https://github.com/search?q=Parameter-efficient+fine-tuning+of+multispectral+foundation+models+for+hyperspectral+image+classification&type=repositories,arXiv URL parsed from reference; other direct links not verified,,,"Ligan, B., Jbilou, K., Kalloubi, F., Ratnani, A., 2025. Parameter-efficient fine-tuning of multispectral foundation models for hyperspectral image classification. arXiv preprint arXiv:2505.15334 ."
197,2022,Dss-trm: Deep spatial–spectral transformer for hyperspectral image classification,"Liu, B., Yu, A., Gao, K., Tan, X., Sun, Y., Yu, X.","European Journal of Remote Sensing 55, 103–114",High-level: Segmentation/Detection/Tracking,,,,,,False,False,False,False,https://scholar.google.com/scholar?q=Dss-trm%3A+Deep+spatial%E2%80%93spectral+transformer+for+hyperspectral+image+classification+Liu+2022,https://www.semanticscholar.org/search?q=Dss-trm%3A+Deep+spatial%E2%80%93spectral+transformer+for+hyperspectral+image+classification+Liu+2022,https://paperswithcode.com/search?q=Dss-trm%3A+Deep+spatial%E2%80%93spectral+transformer+for+hyperspectral+image+classification,https://github.com/search?q=Dss-trm%3A+Deep+spatial%E2%80%93spectral+transformer+for+hyperspectral+image+classification&type=repositories,search links generated; direct paper/code/dataset links not verified,,,"Liu, B., Yu, A., Gao, K., Tan, X., Sun, Y., Yu, X., 2022a. Dss-trm: Deep spatial–spectral transformer for hyperspectral image classification. European Journal of Remote Sensing 55, 103–114."
198,2024,Sstf-unet: Spatial-spectral transformer-based u-net for high-resolution hyperspectral image acquisition,"Liu, H., Feng, C., Dian, R., Li, S.","IEEE TNNLS 35, 18222–18236",Other / Background,,,,,,False,False,False,False,https://scholar.google.com/scholar?q=Sstf-unet%3A+Spatial-spectral+transformer-based+u-net+for+high-resolution+hyperspectral+image+acquisition+Liu+2024,https://www.semanticscholar.org/search?q=Sstf-unet%3A+Spatial-spectral+transformer-based+u-net+for+high-resolution+hyperspectral+image+acquisition+Liu+2024,https://paperswithcode.com/search?q=Sstf-unet%3A+Spatial-spectral+transformer-based+u-net+for+high-resolution+hyperspectral+image+acquisition,https://github.com/search?q=Sstf-unet%3A+Spatial-spectral+transformer-based+u-net+for+high-resolution+hyperspectral+image+acquisition&type=repositories,search links generated; direct paper/code/dataset links not verified,,,"Liu, H., Feng, C., Dian, R., Li, S., 2024a. Sstf-unet: Spatial-spectral transformer-based u-net for high-resolution hyperspectral image acquisition. IEEE TNNLS 35, 18222–18236."
199,2023,Visual instruction tuning,"Liu, H., Li, C., Wu, Q., Lee, Y.J.","Advances in neural information processing systems 36, 34892–34916",Other / Background,,,,,,False,False,False,False,https://scholar.google.com/scholar?q=Visual+instruction+tuning+Liu+2023,https://www.semanticscholar.org/search?q=Visual+instruction+tuning+Liu+2023,https://paperswithcode.com/search?q=Visual+instruction+tuning,https://github.com/search?q=Visual+instruction+tuning&type=repositories,search links generated; direct paper/code/dataset links not verified,,,"Liu, H., Li, C., Wu, Q., Lee, Y.J., 2023. Visual instruction tuning. Advances in neural information processing systems 36, 34892–34916."
200,2025,Heterospectral structure compensation sampling for hyperspectral fusion computational imaging,"Liu, J., Li, S., Yang, H., Dian, R., Liu, Y.","IEEE TIP 34, 7930–7942",Low-level: Super-resolution/Fusion,,,,,,False,False,False,False,https://scholar.google.com/scholar?q=Heterospectral+structure+compensation+sampling+for+hyperspectral+fusion+computational+imaging+Liu+2025,https://www.semanticscholar.org/search?q=Heterospectral+structure+compensation+sampling+for+hyperspectral+fusion+computational+imaging+Liu+2025,https://paperswithcode.com/search?q=Heterospectral+structure+compensation+sampling+for+hyperspectral+fusion+computational+imaging,https://github.com/search?q=Heterospectral+structure+compensation+sampling+for+hyperspectral+fusion+computational+imaging&type=repositories,search links generated; direct paper/code/dataset links not verified,,,"Liu, J., Li, S., Yang, H., Dian, R., Liu, Y., 2025a. Heterospectral structure compensation sampling for hyperspectral fusion computational imaging. IEEE TIP 34, 7930–7942."
201,2025,Spectrum-oriented point-supervised saliency detector for hyperspectral images,"Liu, P., Xu, T., Shi, G., Xu, J., Chen, H., Li, J.","IEEE TIM 74, 1–15",Other / Background,https://arxiv.org/abs/2412.18112,,,,,True,False,False,False,https://scholar.google.com/scholar?q=Spectrum-oriented+point-supervised+saliency+detector+for+hyperspectral+images+Liu+2025,https://www.semanticscholar.org/search?q=Spectrum-oriented+point-supervised+saliency+detector+for+hyperspectral+images+Liu+2025,https://paperswithcode.com/search?q=Spectrum-oriented+point-supervised+saliency+detector+for+hyperspectral+images,https://github.com/search?q=Spectrum-oriented+point-supervised+saliency+detector+for+hyperspectral+images&type=repositories,verified arXiv link; code not found in quick search,https://arxiv.org/abs/2412.18112,,"Liu, P., Xu, T., Shi, G., Xu, J., Chen, H., Li, J., 2025b. Spectrum-oriented point-supervised saliency detector for hyperspectral images. IEEE TIM 74, 1–15."
202,2024,Hyperspectral image super-resolution via dual-domain network based on hybrid convolution,"Liu, T., Liu, Y., Zhang, C., Yuan, L., Sui, X., Chen, Q.",IEEE TGRS ,Low-level: Super-resolution/Fusion,,,,,,False,False,False,False,https://scholar.google.com/scholar?q=Hyperspectral+image+super-resolution+via+dual-domain+network+based+on+hybrid+convolution+Liu+2024,https://www.semanticscholar.org/search?q=Hyperspectral+image+super-resolution+via+dual-domain+network+based+on+hybrid+convolution+Liu+2024,https://paperswithcode.com/search?q=Hyperspectral+image+super-resolution+via+dual-domain+network+based+on+hybrid+convolution,https://github.com/search?q=Hyperspectral+image+super-resolution+via+dual-domain+network+based+on+hybrid+convolution&type=repositories,search links generated; direct paper/code/dataset links not verified,,,"Liu, T., Liu, Y., Zhang, C., Yuan, L., Sui, X., Chen, Q., 2024b. Hyperspectral image super-resolution via dual-domain network based on hybrid convolution. IEEE TGRS ."
203,2025,Low-rank transformer for high-resolution hyperspectral computational imaging,"Liu, Y., Dian, R., Li, S.","IJCV 133, 809–824",Other / Background,,,,,,False,False,False,False,https://scholar.google.com/scholar?q=Low-rank+transformer+for+high-resolution+hyperspectral+computational+imaging+Liu+2025,https://www.semanticscholar.org/search?q=Low-rank+transformer+for+high-resolution+hyperspectral+computational+imaging+Liu+2025,https://paperswithcode.com/search?q=Low-rank+transformer+for+high-resolution+hyperspectral+computational+imaging,https://github.com/search?q=Low-rank+transformer+for+high-resolution+hyperspectral+computational+imaging&type=repositories,search links generated; direct paper/code/dataset links not verified,,,"Liu, Y., Dian, R., Li, S., 2025c. Low-rank transformer for high-resolution hyperspectral computational imaging. IJCV 133, 809–824."
204,2024,Hsidmamba: Exploring bidirectional state-space models for hyperspectral denoising,"Liu, Y., Xiao, J., Guo, Y., Jiang, P., Yang, H., Wang, F.",arXiv preprint arXiv:2404.09697 ,Low-level: Denoising/Restoration,https://arxiv.org/abs/2404.09697,,,,2404.09697,True,False,False,False,https://scholar.google.com/scholar?q=Hsidmamba%3A+Exploring+bidirectional+state-space+models+for+hyperspectral+denoising+Liu+2024,https://www.semanticscholar.org/search?q=Hsidmamba%3A+Exploring+bidirectional+state-space+models+for+hyperspectral+denoising+Liu+2024,https://paperswithcode.com/search?q=Hsidmamba%3A+Exploring+bidirectional+state-space+models+for+hyperspectral+denoising,https://github.com/search?q=Hsidmamba%3A+Exploring+bidirectional+state-space+models+for+hyperspectral+denoising&type=repositories,verified arXiv link; code not found in quick search,https://arxiv.org/abs/2404.09697,,"Liu, Y., Xiao, J., Guo, Y., Jiang, P., Yang, H., Wang, F., 2024c. Hsidmamba: Exploring bidirectional state-space models for hyperspectral denoising. arXiv preprint arXiv:2404.09697 ."
205,2018,Rank minimization for snapshot compressive imaging,"Liu, Y., Yuan, X., Suo, J., Brady, D.J., Dai, Q.","IEEE TPAMI 41, 2990–3006",Low-level: Reconstruction,,,,,,False,False,False,False,https://scholar.google.com/scholar?q=Rank+minimization+for+snapshot+compressive+imaging+Liu+2018,https://www.semanticscholar.org/search?q=Rank+minimization+for+snapshot+compressive+imaging+Liu+2018,https://paperswithcode.com/search?q=Rank+minimization+for+snapshot+compressive+imaging,https://github.com/search?q=Rank+minimization+for+snapshot+compressive+imaging&type=repositories,search links generated; direct paper/code/dataset links not verified,,,"Liu, Y., Yuan, X., Suo, J., Brady, D.J., Dai, Q., 2018. Rank minimization for snapshot compressive imaging. IEEE TPAMI 41, 2990–3006."
206,2021,An anchor-free siamese target tracking network for hyperspectral video,"Liu, Z., Wang, X., Shu, M., Li, G., Sun, C., Liu, Z., Zhong, Y.","in: 2021 11th Workshop on Hyperspectral Imaging and Signal Processing: Evolution in Remote Sensing (WHISPERS), IEEE. pp. 1–5",High-level: Segmentation/Detection/Tracking,,,,,,False,False,False,False,https://scholar.google.com/scholar?q=An+anchor-free+siamese+target+tracking+network+for+hyperspectral+video+Liu+2021,https://www.semanticscholar.org/search?q=An+anchor-free+siamese+target+tracking+network+for+hyperspectral+video+Liu+2021,https://paperswithcode.com/search?q=An+anchor-free+siamese+target+tracking+network+for+hyperspectral+video,https://github.com/search?q=An+anchor-free+siamese+target+tracking+network+for+hyperspectral+video&type=repositories,search links generated; direct paper/code/dataset links not verified,,,"Liu, Z., Wang, X., Shu, M., Li, G., Sun, C., Liu, Z., Zhong, Y., 2021. An anchor-free siamese target tracking network for hyperspectral video, in: 2021 11th Workshop on Hyperspectral Imaging and Signal Processing: Evolution in Remote Sensing (WHISPERS), IEEE. pp. 1–5."
207,2022,Siamhyper: Learning a hyperspectral object tracker from an rgb-based tracker,"Liu, Z., Wang, X., Zhong, Y., Shu, M., Sun, C.","IEEE TIP 31, 7116–7129",High-level: Segmentation/Detection/Tracking,https://ieeexplore.ieee.org/document/9933370/,,https://github.com/zhenliuzhenqi/HOT,,,True,True,False,False,https://scholar.google.com/scholar?q=Siamhyper%3A+Learning+a+hyperspectral+object+tracker+from+an+rgb-based+tracker+Liu+2022,https://www.semanticscholar.org/search?q=Siamhyper%3A+Learning+a+hyperspectral+object+tracker+from+an+rgb-based+tracker+Liu+2022,https://paperswithcode.com/search?q=Siamhyper%3A+Learning+a+hyperspectral+object+tracker+from+an+rgb-based+tracker,https://github.com/search?q=Siamhyper%3A+Learning+a+hyperspectral+object+tracker+from+an+rgb-based+tracker&type=repositories,verified code-base link,https://github.com/zhenliuzhenqi/HOT,,"Liu, Z., Wang, X., Zhong, Y., Shu, M., Sun, C., 2022b. Siamhyper: Learning a hyperspectral object tracker from an rgb-based tracker. IEEE TIP 31, 7116–7129."
208,2013,Coded aperture compressive temporal imaging,"Llull, P., Liao, X., Yuan, X., Yang, J., Kittle, D., Carin, L., Sapiro, G., Brady, D.J.","Optics express 21, 10526–10545",Physics/Sensing,,,,,,False,False,False,False,https://scholar.google.com/scholar?q=Coded+aperture+compressive+temporal+imaging+Llull+2013,https://www.semanticscholar.org/search?q=Coded+aperture+compressive+temporal+imaging+Llull+2013,https://paperswithcode.com/search?q=Coded+aperture+compressive+temporal+imaging,https://github.com/search?q=Coded+aperture+compressive+temporal+imaging&type=repositories,search links generated; direct paper/code/dataset links not verified,,,"Llull, P., Liao, X., Yuan, X., Yang, J., Kittle, D., Carin, L., Sapiro, G., Brady, D.J., 2013. Coded aperture compressive temporal imaging. Optics express 21, 10526–10545."
209,2022,Object detection in hyperspectral images,"Lone, Z.A., Pais, A.R.","Digital Signal Processing 131, 103752",High-level: Segmentation/Detection/Tracking,,,,,,False,False,False,False,https://scholar.google.com/scholar?q=Object+detection+in+hyperspectral+images+Lone+2022,https://www.semanticscholar.org/search?q=Object+detection+in+hyperspectral+images+Lone+2022,https://paperswithcode.com/search?q=Object+detection+in+hyperspectral+images,https://github.com/search?q=Object+detection+in+hyperspectral+images&type=repositories,search links generated; direct paper/code/dataset links not verified,,,"Lone, Z.A., Pais, A.R., 2022. Object detection in hyperspectral images. Digital Signal Processing 131, 103752."
210,2019,Generative adversarial networks for spectral super-resolution and bidirectional rgb-to-multispectral mapping,"Lore, K.G., Reddy, K.K., Giering, M., Bernal, E.A.","in: 2019 IEEE/CVF Conference on Computer Vision and Pattern Recognition Workshops (CVPRW), IEEE. pp. 926–933",Low-level: Super-resolution/Fusion,,,,,,False,False,False,False,https://scholar.google.com/scholar?q=Generative+adversarial+networks+for+spectral+super-resolution+and+bidirectional+rgb-to-multispectral+mapping+Lore+2019,https://www.semanticscholar.org/search?q=Generative+adversarial+networks+for+spectral+super-resolution+and+bidirectional+rgb-to-multispectral+mapping+Lore+2019,https://paperswithcode.com/search?q=Generative+adversarial+networks+for+spectral+super-resolution+and+bidirectional+rgb-to-multispectral+mapping,https://github.com/search?q=Generative+adversarial+networks+for+spectral+super-resolution+and+bidirectional+rgb-to-multispectral+mapping&type=repositories,search links generated; direct paper/code/dataset links not verified,,,"Lore, K.G., Reddy, K.K., Giering, M., Bernal, E.A., 2019. Generative adversarial networks for spectral super-resolution and bidirectional rgb-to-multispectral mapping, in: 2019 IEEE/CVF Conference on Computer Vision and Pattern Recognition Workshops (CVPRW), IEEE. pp. 926–933."
211,2017,Decoupled weight decay regularization,"Loshchilov, I., Hutter, F.",arXiv preprint arXiv:1711.05101 ,Other / Background,https://arxiv.org/abs/1711.05101,,,,1711.05101,True,False,False,False,https://scholar.google.com/scholar?q=Decoupled+weight+decay+regularization+Loshchilov+2017,https://www.semanticscholar.org/search?q=Decoupled+weight+decay+regularization+Loshchilov+2017,https://paperswithcode.com/search?q=Decoupled+weight+decay+regularization,https://github.com/search?q=Decoupled+weight+decay+regularization&type=repositories,arXiv URL parsed from reference; other direct links not verified,,,"Loshchilov, I., Hutter, F., 2017. Decoupled weight decay regularization. arXiv preprint arXiv:1711.05101 ."
212,2020,Recent advances of hyperspectral imaging technology and applications in agriculture,"Lu, B., Dao, P.D., Liu, J., He, Y., Shang, J.","Remote Sensing 12, 2659",Physics/Sensing,,,,,,False,False,False,False,https://scholar.google.com/scholar?q=Recent+advances+of+hyperspectral+imaging+technology+and+applications+in+agriculture+Lu+2020,https://www.semanticscholar.org/search?q=Recent+advances+of+hyperspectral+imaging+technology+and+applications+in+agriculture+Lu+2020,https://paperswithcode.com/search?q=Recent+advances+of+hyperspectral+imaging+technology+and+applications+in+agriculture,https://github.com/search?q=Recent+advances+of+hyperspectral+imaging+technology+and+applications+in+agriculture&type=repositories,search links generated; direct paper/code/dataset links not verified,,,"Lu, B., Dao, P.D., Liu, J., He, Y., Shang, J., 2020a. Recent advances of hyperspectral imaging technology and applications in agriculture. Remote Sensing 12, 2659."
213,2014,Medical hyperspectral imaging: a review,"Lu, G., Fei, B.","Journal of biomedical optics 19, 010901–010901",Physics/Sensing,,,,,,False,False,False,False,https://scholar.google.com/scholar?q=Medical+hyperspectral+imaging%3A+a+review+Lu+2014,https://www.semanticscholar.org/search?q=Medical+hyperspectral+imaging%3A+a+review+Lu+2014,https://paperswithcode.com/search?q=Medical+hyperspectral+imaging%3A+a+review,https://github.com/search?q=Medical+hyperspectral+imaging%3A+a+review&type=repositories,search links generated; direct paper/code/dataset links not verified,,,"Lu, G., Fei, B., 2014. Medical hyperspectral imaging: a review. Journal of biomedical optics 19, 010901–010901."
214,2020,Hsi road: a hyper spectral image dataset for road segmentation,"Lu, J., Liu, H., Yao, Y., Tao, S., Tang, Z., Lu, J.","in: 2020 IEEE International Conference on Multimedia and Expo (ICME), IEEE. pp. 1–6",Dataset,,,,,,False,False,False,False,https://scholar.google.com/scholar?q=Hsi+road%3A+a+hyper+spectral+image+dataset+for+road+segmentation+Lu+2020,https://www.semanticscholar.org/search?q=Hsi+road%3A+a+hyper+spectral+image+dataset+for+road+segmentation+Lu+2020,https://paperswithcode.com/search?q=Hsi+road%3A+a+hyper+spectral+image+dataset+for+road+segmentation,https://github.com/search?q=Hsi+road%3A+a+hyper+spectral+image+dataset+for+road+segmentation&type=repositories,search links generated; direct paper/code/dataset links not verified,,,"Lu, J., Liu, H., Yao, Y., Tao, S., Tang, Z., Lu, J., 2020b. Hsi road: a hyper spectral image dataset for road segmentation, in: 2020 IEEE International Conference on Multimedia and Expo (ICME), IEEE. pp. 1–6."
215,2025,Quick unsupervised hyperspectral dimensionality reduction for earth observation: a comparison,"Lupu, D., Garrett, J.L., Johansen, T.A., Orlandic, M., Necoara, I.",IEEE TCI ,Other / Background,,,,,,False,False,False,False,https://scholar.google.com/scholar?q=Quick+unsupervised+hyperspectral+dimensionality+reduction+for+earth+observation%3A+a+comparison+Lupu+2025,https://www.semanticscholar.org/search?q=Quick+unsupervised+hyperspectral+dimensionality+reduction+for+earth+observation%3A+a+comparison+Lupu+2025,https://paperswithcode.com/search?q=Quick+unsupervised+hyperspectral+dimensionality+reduction+for+earth+observation%3A+a+comparison,https://github.com/search?q=Quick+unsupervised+hyperspectral+dimensionality+reduction+for+earth+observation%3A+a+comparison&type=repositories,search links generated; direct paper/code/dataset links not verified,,,"Lupu, D., Garrett, J.L., Johansen, T.A., Orlandic, M., Necoara, I., 2025. Quick unsupervised hyperspectral dimensionality reduction for earth observation: a comparison. IEEE TCI ."
216,2025,Hetssnet: Spatial-spectral heterogeneous graph learning network for panchromatic and multispectral images fusion,"Ma, M., Jiang, Y., Zhao, M., Li, J., Zhang, W.",arXiv preprint arXiv:2502.04623 ,Low-level: Super-resolution/Fusion,https://arxiv.org/abs/2502.04623,,,,2502.04623,True,False,False,False,https://scholar.google.com/scholar?q=Hetssnet%3A+Spatial-spectral+heterogeneous+graph+learning+network+for+panchromatic+and+multispectral+images+fusion+Ma+2025,https://www.semanticscholar.org/search?q=Hetssnet%3A+Spatial-spectral+heterogeneous+graph+learning+network+for+panchromatic+and+multispectral+images+fusion+Ma+2025,https://paperswithcode.com/search?q=Hetssnet%3A+Spatial-spectral+heterogeneous+graph+learning+network+for+panchromatic+and+multispectral+images+fusion,https://github.com/search?q=Hetssnet%3A+Spatial-spectral+heterogeneous+graph+learning+network+for+panchromatic+and+multispectral+images+fusion&type=repositories,arXiv URL parsed from reference; other direct links not verified,,,"Ma, M., Jiang, Y., Zhao, M., Li, J., Zhang, W., 2025. Hetssnet: Spatial-spectral heterogeneous graph learning network for panchromatic and multispectral images fusion. arXiv preprint arXiv:2502.04623 ."
217,2025,Multi-channel volume density neural radiance field for hyperspectral imaging,"Ma, R., He, S.","Scientific Reports 15, 16253",Other / Background,,,,,,False,False,False,False,https://scholar.google.com/scholar?q=Multi-channel+volume+density+neural+radiance+field+for+hyperspectral+imaging+Ma+2025,https://www.semanticscholar.org/search?q=Multi-channel+volume+density+neural+radiance+field+for+hyperspectral+imaging+Ma+2025,https://paperswithcode.com/search?q=Multi-channel+volume+density+neural+radiance+field+for+hyperspectral+imaging,https://github.com/search?q=Multi-channel+volume+density+neural+radiance+field+for+hyperspectral+imaging&type=repositories,search links generated; direct paper/code/dataset links not verified,,,"Ma, R., He, S., 2025. Multi-channel volume density neural radiance field for hyperspectral imaging. Scientific Reports 15, 16253."
218,2015,Deep supervised learning for hyperspectral data classification through convolutional neural networks,"Makantasis, K., Karantzalos, K., Doulamis, A., Doulamis, N.","in: 2015 IEEE international geoscience and remote sensing symposium (IGARSS), IEEE. pp. 4959–4962",High-level: Segmentation/Detection/Tracking,,,,,,False,False,False,False,https://scholar.google.com/scholar?q=Deep+supervised+learning+for+hyperspectral+data+classification+through+convolutional+neural+networks+Makantasis+2015,https://www.semanticscholar.org/search?q=Deep+supervised+learning+for+hyperspectral+data+classification+through+convolutional+neural+networks+Makantasis+2015,https://paperswithcode.com/search?q=Deep+supervised+learning+for+hyperspectral+data+classification+through+convolutional+neural+networks,https://github.com/search?q=Deep+supervised+learning+for+hyperspectral+data+classification+through+convolutional+neural+networks&type=repositories,search links generated; direct paper/code/dataset links not verified,,,"Makantasis, K., Karantzalos, K., Doulamis, A., Doulamis, N., 2015. Deep supervised learning for hyperspectral data classification through convolutional neural networks, in: 2015 IEEE international geoscience and remote sensing symposium (IGARSS), IEEE. pp. 4959–4962."
219,2022,Real-time hyperspectral imaging in hardware via trained metasurface encoders,"Makarenko, M., Burguete-Lopez, A., Wang, Q., Getman, F., Giancola, S., Ghanem, B., Fratalocchi, A.","in: CVPR, pp. 12692–12702",Other / Background,https://openaccess.thecvf.com/content/CVPR2022/papers/Makarenko_Real-Time_Hyperspectral_Imaging_in_Hardware_via_Trained_Metasurface_Encoders_CVPR_2022_paper.pdf,,,https://cove.thecvf.com/datasets/797,,True,False,True,False,https://scholar.google.com/scholar?q=Real-time+hyperspectral+imaging+in+hardware+via+trained+metasurface+encoders+Makarenko+2022,https://www.semanticscholar.org/search?q=Real-time+hyperspectral+imaging+in+hardware+via+trained+metasurface+encoders+Makarenko+2022,https://paperswithcode.com/search?q=Real-time+hyperspectral+imaging+in+hardware+via+trained+metasurface+encoders,https://github.com/search?q=Real-time+hyperspectral+imaging+in+hardware+via+trained+metasurface+encoders&type=repositories,verified paper + FVgNET dataset link,https://cove.thecvf.com/datasets/797,,"Makarenko, M., Burguete-Lopez, A., Wang, Q., Getman, F., Giancola, S., Ghanem, B., Fratalocchi, A., 2022. Real-time hyperspectral imaging in hardware via trained metasurface encoders, in: CVPR, pp. 12692–12702."
220,2014,Near-infrared spectroscopy and hyperspectral imaging: non-destructive analysis of biological materials,"Manley, M.","Chemical Society Reviews 43, 8200–8214",Physics/Sensing,,,,,,False,False,False,False,https://scholar.google.com/scholar?q=Near-infrared+spectroscopy+and+hyperspectral+imaging%3A+non-destructive+analysis+of+biological+materials+Manley+2014,https://www.semanticscholar.org/search?q=Near-infrared+spectroscopy+and+hyperspectral+imaging%3A+non-destructive+analysis+of+biological+materials+Manley+2014,https://paperswithcode.com/search?q=Near-infrared+spectroscopy+and+hyperspectral+imaging%3A+non-destructive+analysis+of+biological+materials,https://github.com/search?q=Near-infrared+spectroscopy+and+hyperspectral+imaging%3A+non-destructive+analysis+of+biological+materials&type=repositories,search links generated; direct paper/code/dataset links not verified,,,"Manley, M., 2014. Near-infrared spectroscopy and hyperspectral imaging: non-destructive analysis of biological materials. Chemical Society Reviews 43, 8200–8214."
221,2025,Would swir modality help for detection and segmentation in harsh weather conditions? an experimental study,"Mehra, R., Riffard, A., Labussière, M., Duthon, P., Aufrère, R.","in: ICCV, pp. 2211–2219",High-level: Segmentation/Detection/Tracking,,,,,,False,False,False,False,https://scholar.google.com/scholar?q=Would+swir+modality+help+for+detection+and+segmentation+in+harsh+weather+conditions%3F+an+experimental+study+Mehra+2025,https://www.semanticscholar.org/search?q=Would+swir+modality+help+for+detection+and+segmentation+in+harsh+weather+conditions%3F+an+experimental+study+Mehra+2025,https://paperswithcode.com/search?q=Would+swir+modality+help+for+detection+and+segmentation+in+harsh+weather+conditions%3F+an+experimental+study,https://github.com/search?q=Would+swir+modality+help+for+detection+and+segmentation+in+harsh+weather+conditions%3F+an+experimental+study&type=repositories,search links generated; direct paper/code/dataset links not verified,,,"Mehra, R., Riffard, A., Labussière, M., Duthon, P., Aufrère, R., 2025. Would swir modality help for detection and segmentation in harsh weather conditions? an experimental study., in: ICCV, pp. 2211–2219."
222,2024,Joint reconstruction and spatial super-resolution of hyper-spectral ctis images via multi-scale refinement,"Mel, M., Gatto, A., Zanuttigh, P.",IEEE TCI ,Low-level: Reconstruction,,,,,,False,False,False,False,https://scholar.google.com/scholar?q=Joint+reconstruction+and+spatial+super-resolution+of+hyper-spectral+ctis+images+via+multi-scale+refinement+Mel+2024,https://www.semanticscholar.org/search?q=Joint+reconstruction+and+spatial+super-resolution+of+hyper-spectral+ctis+images+via+multi-scale+refinement+Mel+2024,https://paperswithcode.com/search?q=Joint+reconstruction+and+spatial+super-resolution+of+hyper-spectral+ctis+images+via+multi-scale+refinement,https://github.com/search?q=Joint+reconstruction+and+spatial+super-resolution+of+hyper-spectral+ctis+images+via+multi-scale+refinement&type=repositories,search links generated; direct paper/code/dataset links not verified,,,"Mel, M., Gatto, A., Zanuttigh, P., 2024. Joint reconstruction and spatial super-resolution of hyper-spectral ctis images via multi-scale refinement. IEEE TCI ."
223,2025,Frn: Fractal-based recursive spectral reconstruction network ,"Meng, G., Cai, Z., Chen, R., Tu, J., Wang, Y., Huang, Y., Ding, X.",,Low-level: Reconstruction,,,,,,False,False,False,False,https://scholar.google.com/scholar?q=Frn%3A+Fractal-based+recursive+spectral+reconstruction+network++Meng+2025,https://www.semanticscholar.org/search?q=Frn%3A+Fractal-based+recursive+spectral+reconstruction+network++Meng+2025,https://paperswithcode.com/search?q=Frn%3A+Fractal-based+recursive+spectral+reconstruction+network+,https://github.com/search?q=Frn%3A+Fractal-based+recursive+spectral+reconstruction+network+&type=repositories,search links generated; direct paper/code/dataset links not verified,,,"Meng, G., Cai, Z., Chen, R., Tu, J., Wang, Y., Huang, Y., Ding, X., 2025a. Frn: Fractal-based recursive spectral reconstruction network ."
224,2025,Sp3ctralmamba: Physics-driven joint state space model for hyperspectral image reconstruction,"Meng, G., Tu, J., Huang, J., Lin, Y., Wang, Y., Tu, X., Huang, Y., Ding, X.","in: AAAI, pp. 6108–6116",Low-level: Reconstruction,,,,,,False,False,False,False,https://scholar.google.com/scholar?q=Sp3ctralmamba%3A+Physics-driven+joint+state+space+model+for+hyperspectral+image+reconstruction+Meng+2025,https://www.semanticscholar.org/search?q=Sp3ctralmamba%3A+Physics-driven+joint+state+space+model+for+hyperspectral+image+reconstruction+Meng+2025,https://paperswithcode.com/search?q=Sp3ctralmamba%3A+Physics-driven+joint+state+space+model+for+hyperspectral+image+reconstruction,https://github.com/search?q=Sp3ctralmamba%3A+Physics-driven+joint+state+space+model+for+hyperspectral+image+reconstruction&type=repositories,search links generated; direct paper/code/dataset links not verified,,,"Meng, G., Tu, J., Huang, J., Lin, Y., Wang, Y., Tu, X., Huang, Y., Ding, X., 2025b. Sp3ctralmamba: Physics-driven joint state space model for hyperspectral image reconstruction, in: AAAI, pp. 6108–6116."
225,2020,Gap-net for snapshot compressive imaging,"Meng, Z., Jalali, S., Yuan, X.",arXiv preprint arXiv:2012.08364 ,Low-level: Reconstruction,https://arxiv.org/abs/2012.08364,,,,2012.08364,True,False,False,False,https://scholar.google.com/scholar?q=Gap-net+for+snapshot+compressive+imaging+Meng+2020,https://www.semanticscholar.org/search?q=Gap-net+for+snapshot+compressive+imaging+Meng+2020,https://paperswithcode.com/search?q=Gap-net+for+snapshot+compressive+imaging,https://github.com/search?q=Gap-net+for+snapshot+compressive+imaging&type=repositories,arXiv URL parsed from reference; other direct links not verified,,,"Meng, Z., Jalali, S., Yuan, X., 2020a. Gap-net for snapshot compressive imaging. arXiv preprint arXiv:2012.08364 ."
226,2020,End-to-end low cost compressive spectral imaging with spatial-spectral self-attention,"Meng, Z., Ma, J., Yuan, X.","in: ECCV, Springer. pp. 187–204",Other / Background,https://www.ecva.net/papers/eccv_2020/papers_ECCV/papers/123690188.pdf,,https://github.com/mengziyi64/TSA-Net,,,True,True,False,False,https://scholar.google.com/scholar?q=End-to-end+low+cost+compressive+spectral+imaging+with+spatial-spectral+self-attention+Meng+2020,https://www.semanticscholar.org/search?q=End-to-end+low+cost+compressive+spectral+imaging+with+spatial-spectral+self-attention+Meng+2020,https://paperswithcode.com/search?q=End-to-end+low+cost+compressive+spectral+imaging+with+spatial-spectral+self-attention,https://github.com/search?q=End-to-end+low+cost+compressive+spectral+imaging+with+spatial-spectral+self-attention&type=repositories,verified code link,https://github.com/mengziyi64/TSA-Net,,"Meng, Z., Ma, J., Yuan, X., 2020b. End-to-end low cost compressive spectral imaging with spatial-spectral self-attention, in: ECCV, Springer. pp. 187–204."
227,2023,Deep unfolding for snapshot compressive imaging,"Meng, Z., Yuan, X., Jalali, S.","IJCV 131, 2933–2958",Low-level: Reconstruction,,,,,,False,False,False,False,https://scholar.google.com/scholar?q=Deep+unfolding+for+snapshot+compressive+imaging+Meng+2023,https://www.semanticscholar.org/search?q=Deep+unfolding+for+snapshot+compressive+imaging+Meng+2023,https://paperswithcode.com/search?q=Deep+unfolding+for+snapshot+compressive+imaging,https://github.com/search?q=Deep+unfolding+for+snapshot+compressive+imaging&type=repositories,search links generated; direct paper/code/dataset links not verified,,,"Meng, Z., Yuan, X., Jalali, S., 2023. Deep unfolding for snapshot compressive imaging. IJCV 131, 2933–2958."
228,2019,l-net: Reconstruct hyperspectral images from a snapshot measurement,"Miao, X., Yuan, X., Pu, Y., Athitsos, V.","in: ICCV, pp. 4059– 4069",Low-level: Reconstruction,,,,,,False,False,False,False,https://scholar.google.com/scholar?q=l-net%3A+Reconstruct+hyperspectral+images+from+a+snapshot+measurement+Miao+2019,https://www.semanticscholar.org/search?q=l-net%3A+Reconstruct+hyperspectral+images+from+a+snapshot+measurement+Miao+2019,https://paperswithcode.com/search?q=l-net%3A+Reconstruct+hyperspectral+images+from+a+snapshot+measurement,https://github.com/search?q=l-net%3A+Reconstruct+hyperspectral+images+from+a+snapshot+measurement&type=repositories,search links generated; direct paper/code/dataset links not verified,,,"Miao, X., Yuan, X., Pu, Y., Athitsos, V., 2019. l-net: Reconstruct hyperspectral images from a snapshot measurement, in: ICCV, pp. 4059– 4069."
229,2023,Dds2m: Self-supervised denoising diffusion spatio-spectral model for hyperspectral image restoration,"Miao, Y., Zhang, L., Zhang, L., Tao, D.","in: ICCV, pp. 12086–12096",Low-level: Super-resolution/Fusion,,,,,,False,False,False,False,https://scholar.google.com/scholar?q=Dds2m%3A+Self-supervised+denoising+diffusion+spatio-spectral+model+for+hyperspectral+image+restoration+Miao+2023,https://www.semanticscholar.org/search?q=Dds2m%3A+Self-supervised+denoising+diffusion+spatio-spectral+model+for+hyperspectral+image+restoration+Miao+2023,https://paperswithcode.com/search?q=Dds2m%3A+Self-supervised+denoising+diffusion+spatio-spectral+model+for+hyperspectral+image+restoration,https://github.com/search?q=Dds2m%3A+Self-supervised+denoising+diffusion+spatio-spectral+model+for+hyperspectral+image+restoration&type=repositories,search links generated; direct paper/code/dataset links not verified,,,"Miao, Y., Zhang, L., Zhang, L., Tao, D., 2023. Dds2m: Self-supervised denoising diffusion spatio-spectral model for hyperspectral image restoration, in: ICCV, pp. 12086–12096."
230,2021,Nerf: Representing scenes as neural radiance fields for view synthesis,"Mildenhall, B., Srinivasan, P.P., Tancik, M., Barron, J.T., Ramamoorthi, R., Ng, R.","Communications of the ACM 65, 99–106",Other / Background,,,,,,False,False,False,False,https://scholar.google.com/scholar?q=Nerf%3A+Representing+scenes+as+neural+radiance+fields+for+view+synthesis+Mildenhall+2021,https://www.semanticscholar.org/search?q=Nerf%3A+Representing+scenes+as+neural+radiance+fields+for+view+synthesis+Mildenhall+2021,https://paperswithcode.com/search?q=Nerf%3A+Representing+scenes+as+neural+radiance+fields+for+view+synthesis,https://github.com/search?q=Nerf%3A+Representing+scenes+as+neural+radiance+fields+for+view+synthesis&type=repositories,search links generated; direct paper/code/dataset links not verified,,,"Mildenhall, B., Srinivasan, P.P., Tancik, M., Barron, J.T., Ramamoorthi, R., Ng, R., 2021. Nerf: Representing scenes as neural radiance fields for view synthesis. Communications of the ACM 65, 99–106."
231,2026,Electromagnetic Waves & Electromagnetic Spectrum,Miniphysics,URL: https://www.miniphysics.com/ electromagnetic-waves.html. accessed: 26 March 2026,Other / Background,,,,,,False,False,False,False,https://scholar.google.com/scholar?q=Electromagnetic+Waves+%26+Electromagnetic+Spectrum+Miniphysics+2026,https://www.semanticscholar.org/search?q=Electromagnetic+Waves+%26+Electromagnetic+Spectrum+Miniphysics+2026,https://paperswithcode.com/search?q=Electromagnetic+Waves+%26+Electromagnetic+Spectrum,https://github.com/search?q=Electromagnetic+Waves+%26+Electromagnetic+Spectrum&type=repositories,search links generated; direct paper/code/dataset links not verified,,,"Miniphysics, 2026.           Electromagnetic Waves & Electromagnetic Spectrum.                  URL: https://www.miniphysics.com/ electromagnetic-waves.html. accessed: 26 March 2026."
232,2021,Enabling hyperspectral imaging in diverse illumination conditions for indoor applications,"Moghadam, P.A., Sharma, N., Hefeeda, M.","in: Proceedings of the 12th ACM Multimedia Systems Conference, pp. 23–35",Physics/Sensing,,,,,,False,False,False,False,https://scholar.google.com/scholar?q=Enabling+hyperspectral+imaging+in+diverse+illumination+conditions+for+indoor+applications+Moghadam+2021,https://www.semanticscholar.org/search?q=Enabling+hyperspectral+imaging+in+diverse+illumination+conditions+for+indoor+applications+Moghadam+2021,https://paperswithcode.com/search?q=Enabling+hyperspectral+imaging+in+diverse+illumination+conditions+for+indoor+applications,https://github.com/search?q=Enabling+hyperspectral+imaging+in+diverse+illumination+conditions+for+indoor+applications&type=repositories,search links generated; direct paper/code/dataset links not verified,,,"Moghadam, P.A., Sharma, N., Hefeeda, M., 2021. Enabling hyperspectral imaging in diverse illumination conditions for indoor applications, in: Proceedings of the 12th ACM Multimedia Systems Conference, pp. 23–35."
233,2024,Spectral-enhanced transformers: Leveraging large-scale pretrained models for hyperspectral object tracking,"Mohamed, S., Fernando, T., Sridharan, S., Moghadam, P., Fookes, C.","in: 2024 14th Workshop on Hyperspectral Imaging and Signal Processing: Evolution in Remote Sensing (WHISPERS), IEEE. pp. 1–5",High-level: Segmentation/Detection/Tracking,,,,,,False,False,False,False,https://scholar.google.com/scholar?q=Spectral-enhanced+transformers%3A+Leveraging+large-scale+pretrained+models+for+hyperspectral+object+tracking+Mohamed+2024,https://www.semanticscholar.org/search?q=Spectral-enhanced+transformers%3A+Leveraging+large-scale+pretrained+models+for+hyperspectral+object+tracking+Mohamed+2024,https://paperswithcode.com/search?q=Spectral-enhanced+transformers%3A+Leveraging+large-scale+pretrained+models+for+hyperspectral+object+tracking,https://github.com/search?q=Spectral-enhanced+transformers%3A+Leveraging+large-scale+pretrained+models+for+hyperspectral+object+tracking&type=repositories,search links generated; direct paper/code/dataset links not verified,,,"Mohamed, S., Fernando, T., Sridharan, S., Moghadam, P., Fookes, C., 2024. Spectral-enhanced transformers: Leveraging large-scale pretrained models for hyperspectral object tracking, in: 2024 14th Workshop on Hyperspectral Imaging and Signal Processing: Evolution in Remote Sensing (WHISPERS), IEEE. pp. 1–5."
234,2023,Helios: Hyperspectral hindsight ostracker,"Muszyński, R., Luong, H.","in: 2023 13th Workshop on Hyperspectral Imaging and Signal Processing: Evolution in Remote Sensing (WHISPERS), IEEE. pp. 1–5",Physics/Sensing,,,,,,False,False,False,False,https://scholar.google.com/scholar?q=Helios%3A+Hyperspectral+hindsight+ostracker+Muszy%C5%84ski+2023,https://www.semanticscholar.org/search?q=Helios%3A+Hyperspectral+hindsight+ostracker+Muszy%C5%84ski+2023,https://paperswithcode.com/search?q=Helios%3A+Hyperspectral+hindsight+ostracker,https://github.com/search?q=Helios%3A+Hyperspectral+hindsight+ostracker&type=repositories,search links generated; direct paper/code/dataset links not verified,,,"Muszyński, R., Luong, H., 2023. Helios: Hyperspectral hindsight ostracker, in: 2023 13th Workshop on Hyperspectral Imaging and Signal Processing: Evolution in Remote Sensing (WHISPERS), IEEE. pp. 1–5."
235,2025,Hyperspectral gaussian splatting,"Narayanan, S.K., Zhao, L., Gan, L., Chen, Y.",arXiv preprint arXiv:2505.21890 ,Other / Background,https://arxiv.org/abs/2505.21890,,,,2505.21890,True,False,False,False,https://scholar.google.com/scholar?q=Hyperspectral+gaussian+splatting+Narayanan+2025,https://www.semanticscholar.org/search?q=Hyperspectral+gaussian+splatting+Narayanan+2025,https://paperswithcode.com/search?q=Hyperspectral+gaussian+splatting,https://github.com/search?q=Hyperspectral+gaussian+splatting&type=repositories,arXiv URL parsed from reference; other direct links not verified,,,"Narayanan, S.K., Zhao, L., Gan, L., Chen, Y., 2025. Hyperspectral gaussian splatting. arXiv preprint arXiv:2505.21890 ."
236,2016,Spatial distributions of local illumination color in natural scenes,"Nascimento, S.M., Amano, K., Foster, D.H.","Vision research 120, 39–44",Physics/Sensing,,,,,,False,False,False,False,https://scholar.google.com/scholar?q=Spatial+distributions+of+local+illumination+color+in+natural+scenes+Nascimento+2016,https://www.semanticscholar.org/search?q=Spatial+distributions+of+local+illumination+color+in+natural+scenes+Nascimento+2016,https://paperswithcode.com/search?q=Spatial+distributions+of+local+illumination+color+in+natural+scenes,https://github.com/search?q=Spatial+distributions+of+local+illumination+color+in+natural+scenes&type=repositories,search links generated; direct paper/code/dataset links not verified,,,"Nascimento, S.M., Amano, K., Foster, D.H., 2016. Spatial distributions of local illumination color in natural scenes. Vision research 120, 39–44."
237,2002,Statistics of spatial cone-excitation ratios in natural scenes,"Nascimento, S.M., Ferreira, F.P., Foster, D.H.","Journal of the Optical Society of America A 19, 1484–1490",Other / Background,,https://personalpages.manchester.ac.uk/staff/d.h.foster/default.html,,https://personalpages.manchester.ac.uk/staff/d.h.foster/default.html,,False,False,True,True,https://scholar.google.com/scholar?q=Statistics+of+spatial+cone-excitation+ratios+in+natural+scenes+Nascimento+2002,https://www.semanticscholar.org/search?q=Statistics+of+spatial+cone-excitation+ratios+in+natural+scenes+Nascimento+2002,https://paperswithcode.com/search?q=Statistics+of+spatial+cone-excitation+ratios+in+natural+scenes,https://github.com/search?q=Statistics+of+spatial+cone-excitation+ratios+in+natural+scenes&type=repositories,dataset/project link from manuscript footnote,https://personalpages.manchester.ac.uk/staff/d.h.foster/default.html,,"Nascimento, S.M., Ferreira, F.P., Foster, D.H., 2002. Statistics of spatial cone-excitation ratios in natural scenes. Journal of the Optical Society of America A 19, 1484–1490."
238,2014,A letter of mr,"Newton, I.","isaac newton, professor of the mathematicks in the university of cambridge; containing his new theory about light and colors: sent by the author to the publisher from cambridge, febr. 6. 1671/72; in order to be communicated to the r. society. Philosophical transactions of the Royal Society of London 6, 3075–3087",Physics/Sensing,,,,,,False,False,False,False,https://scholar.google.com/scholar?q=A+letter+of+mr+Newton+2014,https://www.semanticscholar.org/search?q=A+letter+of+mr+Newton+2014,https://paperswithcode.com/search?q=A+letter+of+mr,https://github.com/search?q=A+letter+of+mr&type=repositories,search links generated; direct paper/code/dataset links not verified,,,"Newton, I., 2014. A letter of mr. isaac newton, professor of the mathematicks in the university of cambridge; containing his new theory about light and colors: sent by the author to the publisher from cambridge, febr. 6. 1671/72; in order to be communicated to the r. society. Philosophical transactions of the Royal Society of London 6, 3075–3087."
239,2023,Hyper-skin: A hyperspectral dataset for reconstructing facial skin-spectra from rgb images,"Ng, P.C., Chi, Z., Verdie, Y., Lu, J., Plataniotis, K.N.","Advances in Neural Information Processing Systems 36, 24158–24170",Dataset,,,,,,False,False,False,False,https://scholar.google.com/scholar?q=Hyper-skin%3A+A+hyperspectral+dataset+for+reconstructing+facial+skin-spectra+from+rgb+images+Ng+2023,https://www.semanticscholar.org/search?q=Hyper-skin%3A+A+hyperspectral+dataset+for+reconstructing+facial+skin-spectra+from+rgb+images+Ng+2023,https://paperswithcode.com/search?q=Hyper-skin%3A+A+hyperspectral+dataset+for+reconstructing+facial+skin-spectra+from+rgb+images,https://github.com/search?q=Hyper-skin%3A+A+hyperspectral+dataset+for+reconstructing+facial+skin-spectra+from+rgb+images&type=repositories,search links generated; direct paper/code/dataset links not verified,,,"Ng, P.C., Chi, Z., Verdie, Y., Lu, J., Plataniotis, K.N., 2023. Hyper-skin: A hyperspectral dataset for reconstructing facial skin-spectra from rgb images. Advances in Neural Information Processing Systems 36, 24158–24170."
240,2014,Training-based spectral reconstruction from a single rgb image,"Nguyen, R.M., Prasad, D.K., Brown, M.S.","in: Computer Vision–ECCV 2014: 13th European Conference, Zurich, Switzerland, September 6-12, 2014, Proceedings, Part VII 13, Springer. pp. 186–201",Low-level: Reconstruction,,,,,,False,False,False,False,https://scholar.google.com/scholar?q=Training-based+spectral+reconstruction+from+a+single+rgb+image+Nguyen+2014,https://www.semanticscholar.org/search?q=Training-based+spectral+reconstruction+from+a+single+rgb+image+Nguyen+2014,https://paperswithcode.com/search?q=Training-based+spectral+reconstruction+from+a+single+rgb+image,https://github.com/search?q=Training-based+spectral+reconstruction+from+a+single+rgb+image&type=repositories,search links generated; direct paper/code/dataset links not verified,,,"Nguyen, R.M., Prasad, D.K., Brown, M.S., 2014. Training-based spectral reconstruction from a single rgb image, in: Computer Vision–ECCV 2014: 13th European Conference, Zurich, Switzerland, September 6-12, 2014, Proceedings, Part VII 13, Springer. pp. 186–201."
241,2024,Hybrid pixel-wise registration learning for robust fusion-based hyperspectral image super-resolution,"Nie, J., Wei, W., Zhang, L., Ding, C., Zhang, Y.",IEEE TCI ,Low-level: Super-resolution/Fusion,,,,,,False,False,False,False,https://scholar.google.com/scholar?q=Hybrid+pixel-wise+registration+learning+for+robust+fusion-based+hyperspectral+image+super-resolution+Nie+2024,https://www.semanticscholar.org/search?q=Hybrid+pixel-wise+registration+learning+for+robust+fusion-based+hyperspectral+image+super-resolution+Nie+2024,https://paperswithcode.com/search?q=Hybrid+pixel-wise+registration+learning+for+robust+fusion-based+hyperspectral+image+super-resolution,https://github.com/search?q=Hybrid+pixel-wise+registration+learning+for+robust+fusion-based+hyperspectral+image+super-resolution&type=repositories,search links generated; direct paper/code/dataset links not verified,,,"Nie, J., Wei, W., Zhang, L., Ding, C., Zhang, Y., 2024. Hybrid pixel-wise registration learning for robust fusion-based hyperspectral image super-resolution. IEEE TCI ."
242,2018,Deeply learned filter response functions for hyperspectral reconstruction,"Nie, S., Gu, L., Zheng, Y., Lam, A., Ono, N., Sato, I.","in: Proceedings of the IEEE Conference on Computer Vision and Pattern Recognition, pp. 4767–4776",Low-level: Reconstruction,,,,,,False,False,False,False,https://scholar.google.com/scholar?q=Deeply+learned+filter+response+functions+for+hyperspectral+reconstruction+Nie+2018,https://www.semanticscholar.org/search?q=Deeply+learned+filter+response+functions+for+hyperspectral+reconstruction+Nie+2018,https://paperswithcode.com/search?q=Deeply+learned+filter+response+functions+for+hyperspectral+reconstruction,https://github.com/search?q=Deeply+learned+filter+response+functions+for+hyperspectral+reconstruction&type=repositories,search links generated; direct paper/code/dataset links not verified,,,"Nie, S., Gu, L., Zheng, Y., Lam, A., Ono, N., Sato, I., 2018. Deeply learned filter response functions for hyperspectral reconstruction, in: Proceedings of the IEEE Conference on Computer Vision and Pattern Recognition, pp. 4767–4776."
243,2025,Illumination spectrum estimation for multispectral images using illuminant prior,"Oh, H., Kang, J.W.","in: 2025 IEEE International Conference on Image Processing (ICIP), IEEE. pp. 1241–1246",Physics/Sensing,,,,,,False,False,False,False,https://scholar.google.com/scholar?q=Illumination+spectrum+estimation+for+multispectral+images+using+illuminant+prior+Oh+2025,https://www.semanticscholar.org/search?q=Illumination+spectrum+estimation+for+multispectral+images+using+illuminant+prior+Oh+2025,https://paperswithcode.com/search?q=Illumination+spectrum+estimation+for+multispectral+images+using+illuminant+prior,https://github.com/search?q=Illumination+spectrum+estimation+for+multispectral+images+using+illuminant+prior&type=repositories,search links generated; direct paper/code/dataset links not verified,,,"Oh, H., Kang, J.W., 2025. Illumination spectrum estimation for multispectral images using illuminant prior, in: 2025 IEEE International Conference on Image Processing (ICIP), IEEE. pp. 1241–1246."
244,2025,Illumination spectrum estimation for multispectral images via surface reflectance modeling and spatial-spectral feature generation,"Oh, H., Kim, W.S., Lee, S., Park, Y., Kang, J.W.","in: Proceedings of the Computer Vision and Pattern Recognition Conference, pp. 2215– 2225",Physics/Sensing,,,,,,False,False,False,False,https://scholar.google.com/scholar?q=Illumination+spectrum+estimation+for+multispectral+images+via+surface+reflectance+modeling+and+spatial-spectral+feature+generation+Oh+2025,https://www.semanticscholar.org/search?q=Illumination+spectrum+estimation+for+multispectral+images+via+surface+reflectance+modeling+and+spatial-spectral+feature+generation+Oh+2025,https://paperswithcode.com/search?q=Illumination+spectrum+estimation+for+multispectral+images+via+surface+reflectance+modeling+and+spatial-spectral+feature+generation,https://github.com/search?q=Illumination+spectrum+estimation+for+multispectral+images+via+surface+reflectance+modeling+and+spatial-spectral+feature+generation&type=repositories,search links generated; direct paper/code/dataset links not verified,,,"Oh, H., Kim, W.S., Lee, S., Park, Y., Kang, J.W., 2025. Illumination spectrum estimation for multispectral images via surface reflectance modeling and spatial-spectral feature generation, in: Proceedings of the Computer Vision and Pattern Recognition Conference, pp. 2215– 2225."
245,1991,Simultaneous acquisition of spectral image information,"Okamoto, T., Yamaguchi, I.","Optics letters 16, 1277–1279",Physics/Sensing,,,,,,False,False,False,False,https://scholar.google.com/scholar?q=Simultaneous+acquisition+of+spectral+image+information+Okamoto+1991,https://www.semanticscholar.org/search?q=Simultaneous+acquisition+of+spectral+image+information+Okamoto+1991,https://paperswithcode.com/search?q=Simultaneous+acquisition+of+spectral+image+information,https://github.com/search?q=Simultaneous+acquisition+of+spectral+image+information&type=repositories,search links generated; direct paper/code/dataset links not verified,,,"Okamoto, T., Yamaguchi, I., 1991. Simultaneous acquisition of spectral image information. Optics letters 16, 1277–1279."
246,2024,Dinov2: Learning robust visual features without supervision,"Oquab, M., Darcet, T., Moutakanni, T., Vo, H., Szafraniec, M., Khalidov, V., et al.","Transactions on Machine Learning Research Journal , 1–31",Other / Background,,,,,,False,False,False,False,https://scholar.google.com/scholar?q=Dinov2%3A+Learning+robust+visual+features+without+supervision+Oquab+2024,https://www.semanticscholar.org/search?q=Dinov2%3A+Learning+robust+visual+features+without+supervision+Oquab+2024,https://paperswithcode.com/search?q=Dinov2%3A+Learning+robust+visual+features+without+supervision,https://github.com/search?q=Dinov2%3A+Learning+robust+visual+features+without+supervision&type=repositories,search links generated; direct paper/code/dataset links not verified,,,"Oquab, M., Darcet, T., Moutakanni, T., Vo, H., Szafraniec, M., Khalidov, V., et al., 2024. Dinov2: Learning robust visual features without supervision. Transactions on Machine Learning Research Journal , 1–31."
247,2024,Diffsci: Zero-shot snapshot compressive imaging via iterative spectral diffusion model,"Pan, Z., Zeng, H., Cao, J., Zhang, K., Chen, Y.","in: CVPR, pp. 25297–25306",Low-level: Reconstruction,,,,,,False,False,False,False,https://scholar.google.com/scholar?q=Diffsci%3A+Zero-shot+snapshot+compressive+imaging+via+iterative+spectral+diffusion+model+Pan+2024,https://www.semanticscholar.org/search?q=Diffsci%3A+Zero-shot+snapshot+compressive+imaging+via+iterative+spectral+diffusion+model+Pan+2024,https://paperswithcode.com/search?q=Diffsci%3A+Zero-shot+snapshot+compressive+imaging+via+iterative+spectral+diffusion+model,https://github.com/search?q=Diffsci%3A+Zero-shot+snapshot+compressive+imaging+via+iterative+spectral+diffusion+model&type=repositories,search links generated; direct paper/code/dataset links not verified,,,"Pan, Z., Zeng, H., Cao, J., Zhang, K., Chen, Y., 2024. Diffsci: Zero-shot snapshot compressive imaging via iterative spectral diffusion model, in: CVPR, pp. 25297–25306."
248,2024,Hsigene: A foundation model for hyperspectral image generation,"Pang, L., Cao, X., Tang, D., Xu, S., Bai, X., Zhou, F., Meng, D.",arXiv preprint arXiv:2409.12470 ,Foundation Model,https://arxiv.org/abs/2409.12470,,,,2409.12470,True,False,False,False,https://scholar.google.com/scholar?q=Hsigene%3A+A+foundation+model+for+hyperspectral+image+generation+Pang+2024,https://www.semanticscholar.org/search?q=Hsigene%3A+A+foundation+model+for+hyperspectral+image+generation+Pang+2024,https://paperswithcode.com/search?q=Hsigene%3A+A+foundation+model+for+hyperspectral+image+generation,https://github.com/search?q=Hsigene%3A+A+foundation+model+for+hyperspectral+image+generation&type=repositories,arXiv URL parsed from reference; other direct links not verified,,,"Pang, L., Cao, X., Tang, D., Xu, S., Bai, X., Zhou, F., Meng, D., 2024a. Hsigene: A foundation model for hyperspectral image generation. arXiv preprint arXiv:2409.12470 ."
249,2024,Hir-diff: Unsupervised hyperspectral image restoration via improved diffusion models,"Pang, L., Rui, X., Cui, L., Wang, H., Meng, D., Cao, X.","in: CVPR, pp. 3005–3014",Low-level: Super-resolution/Fusion,,,,,,False,False,False,False,https://scholar.google.com/scholar?q=Hir-diff%3A+Unsupervised+hyperspectral+image+restoration+via+improved+diffusion+models+Pang+2024,https://www.semanticscholar.org/search?q=Hir-diff%3A+Unsupervised+hyperspectral+image+restoration+via+improved+diffusion+models+Pang+2024,https://paperswithcode.com/search?q=Hir-diff%3A+Unsupervised+hyperspectral+image+restoration+via+improved+diffusion+models,https://github.com/search?q=Hir-diff%3A+Unsupervised+hyperspectral+image+restoration+via+improved+diffusion+models&type=repositories,search links generated; direct paper/code/dataset links not verified,,,"Pang, L., Rui, X., Cui, L., Wang, H., Meng, D., Cao, X., 2024b. Hir-diff: Unsupervised hyperspectral image restoration via improved diffusion models, in: CVPR, pp. 3005–3014."
250,2025,Iviformer: Illumination-aware infrared-visible image fusion via adaptive domain-switching cross attention,"Park, I., Jin, Y., Nalcakan, Y., Ju, H., Yeo, S., Kim, S.","in: ICCV, pp. 2220–2229",Low-level: Super-resolution/Fusion,,,,,,False,False,False,False,https://scholar.google.com/scholar?q=Iviformer%3A+Illumination-aware+infrared-visible+image+fusion+via+adaptive+domain-switching+cross+attention+Park+2025,https://www.semanticscholar.org/search?q=Iviformer%3A+Illumination-aware+infrared-visible+image+fusion+via+adaptive+domain-switching+cross+attention+Park+2025,https://paperswithcode.com/search?q=Iviformer%3A+Illumination-aware+infrared-visible+image+fusion+via+adaptive+domain-switching+cross+attention,https://github.com/search?q=Iviformer%3A+Illumination-aware+infrared-visible+image+fusion+via+adaptive+domain-switching+cross+attention&type=repositories,search links generated; direct paper/code/dataset links not verified,,,"Park, I., Jin, Y., Nalcakan, Y., Ju, H., Yeo, S., Kim, S., 2025. Iviformer: Illumination-aware infrared-visible image fusion via adaptive domain-switching cross attention, in: ICCV, pp. 2220–2229."
251,2021,A review of unsupervised band selection techniques: Land cover classification for hyperspectral earth observation data,"Patro, R.N., Subudhi, S., Biswal, P.K., Dell’acqua, F.","IEEE GRSM 9, 72–111",High-level: Segmentation/Detection/Tracking,,,,,,False,False,False,False,https://scholar.google.com/scholar?q=A+review+of+unsupervised+band+selection+techniques%3A+Land+cover+classification+for+hyperspectral+earth+observation+data+Patro+2021,https://www.semanticscholar.org/search?q=A+review+of+unsupervised+band+selection+techniques%3A+Land+cover+classification+for+hyperspectral+earth+observation+data+Patro+2021,https://paperswithcode.com/search?q=A+review+of+unsupervised+band+selection+techniques%3A+Land+cover+classification+for+hyperspectral+earth+observation+data,https://github.com/search?q=A+review+of+unsupervised+band+selection+techniques%3A+Land+cover+classification+for+hyperspectral+earth+observation+data&type=repositories,search links generated; direct paper/code/dataset links not verified,,,"Patro, R.N., Subudhi, S., Biswal, P.K., Dell’acqua, F., 2021. A review of unsupervised band selection techniques: Land cover classification for hyperspectral earth observation data. IEEE GRSM 9, 72–111."
252,2025,Unmix-nerf: Spectral unmixing meets neural radiance fields,"Perez, F., Rojas, S., Hinojosa, C., Rueda-ChacÃg̀n, H., Ghanem, B.",arXiv preprint arXiv:2506.21884 ,Other / Background,https://arxiv.org/abs/2506.21884,,,,2506.21884,True,False,False,False,https://scholar.google.com/scholar?q=Unmix-nerf%3A+Spectral+unmixing+meets+neural+radiance+fields+Perez+2025,https://www.semanticscholar.org/search?q=Unmix-nerf%3A+Spectral+unmixing+meets+neural+radiance+fields+Perez+2025,https://paperswithcode.com/search?q=Unmix-nerf%3A+Spectral+unmixing+meets+neural+radiance+fields,https://github.com/search?q=Unmix-nerf%3A+Spectral+unmixing+meets+neural+radiance+fields&type=repositories,arXiv URL parsed from reference; other direct links not verified,,,"Perez, F., Rojas, S., Hinojosa, C., Rueda-ChacÃg̀n, H., Ghanem, B., 2025. Unmix-nerf: Spectral unmixing meets neural radiance fields. arXiv preprint arXiv:2506.21884 ."
253,1995,A review of spaceborne infrared fourier transform spectrometers for remote sensing,"Persky, M.","Review of Scientific Instruments 66, 4763–4797",Physics/Sensing,,,,,,False,False,False,False,https://scholar.google.com/scholar?q=A+review+of+spaceborne+infrared+fourier+transform+spectrometers+for+remote+sensing+Persky+1995,https://www.semanticscholar.org/search?q=A+review+of+spaceborne+infrared+fourier+transform+spectrometers+for+remote+sensing+Persky+1995,https://paperswithcode.com/search?q=A+review+of+spaceborne+infrared+fourier+transform+spectrometers+for+remote+sensing,https://github.com/search?q=A+review+of+spaceborne+infrared+fourier+transform+spectrometers+for+remote+sensing&type=repositories,search links generated; direct paper/code/dataset links not verified,,,"Persky, M., 1995. A review of spaceborne infrared fourier transform spectrometers for remote sensing. Review of Scientific Instruments 66, 4763–4797."
254,2019,Airborne object detection using hyperspectral imaging: Deep learning review,"Pham, T.T., Takalkar, M.A., Xu, M., Hoang, D.T., Truong, H., Dutkiewicz, E., Perry, S.","in: Computational Science and Its Applications–ICCSA 2019: 19th International Conference, Saint Petersburg, Russia, July 1–4, 2019, Proceedings, Part I 19, Springer. pp. 306–321",High-level: Segmentation/Detection/Tracking,,,,,,False,False,False,False,https://scholar.google.com/scholar?q=Airborne+object+detection+using+hyperspectral+imaging%3A+Deep+learning+review+Pham+2019,https://www.semanticscholar.org/search?q=Airborne+object+detection+using+hyperspectral+imaging%3A+Deep+learning+review+Pham+2019,https://paperswithcode.com/search?q=Airborne+object+detection+using+hyperspectral+imaging%3A+Deep+learning+review,https://github.com/search?q=Airborne+object+detection+using+hyperspectral+imaging%3A+Deep+learning+review&type=repositories,search links generated; direct paper/code/dataset links not verified,,,"Pham, T.T., Takalkar, M.A., Xu, M., Hoang, D.T., Truong, H., Dutkiewicz, E., Perry, S., 2019. Airborne object detection using hyperspectral imaging: Deep learning review, in: Computational Science and Its Applications–ICCSA 2019: 19th International Conference, Saint Petersburg, Russia, July 1–4, 2019, Proceedings, Part I 19, Springer. pp. 306–321."
255,2025,Multispectral and hyperspectral image fusion with spectrally varying blurs and majorize-minimize algorithm,"Pineau, D., Orieux, F., Abergel, A.","IEEE TCI 11, 704–716",Low-level: Super-resolution/Fusion,,,,,,False,False,False,False,https://scholar.google.com/scholar?q=Multispectral+and+hyperspectral+image+fusion+with+spectrally+varying+blurs+and+majorize-minimize+algorithm+Pineau+2025,https://www.semanticscholar.org/search?q=Multispectral+and+hyperspectral+image+fusion+with+spectrally+varying+blurs+and+majorize-minimize+algorithm+Pineau+2025,https://paperswithcode.com/search?q=Multispectral+and+hyperspectral+image+fusion+with+spectrally+varying+blurs+and+majorize-minimize+algorithm,https://github.com/search?q=Multispectral+and+hyperspectral+image+fusion+with+spectrally+varying+blurs+and+majorize-minimize+algorithm&type=repositories,search links generated; direct paper/code/dataset links not verified,,,"Pineau, D., Orieux, F., Abergel, A., 2025. Multispectral and hyperspectral image fusion with spectrally varying blurs and majorize-minimize algorithm. IEEE TCI 11, 704–716."
256,2023,Ai-based visualization of remotely-sensed spectral images,"Plajer, I.C., Baicoianu, A., Majercsik, L.","in: 2023 International Symposium on Signals, Circuits and Systems (ISSCS), IEEE. pp. 1–4",Other / Background,,,,,,False,False,False,False,https://scholar.google.com/scholar?q=Ai-based+visualization+of+remotely-sensed+spectral+images+Plajer+2023,https://www.semanticscholar.org/search?q=Ai-based+visualization+of+remotely-sensed+spectral+images+Plajer+2023,https://paperswithcode.com/search?q=Ai-based+visualization+of+remotely-sensed+spectral+images,https://github.com/search?q=Ai-based+visualization+of+remotely-sensed+spectral+images&type=repositories,search links generated; direct paper/code/dataset links not verified,,,"Plajer, I.C., Baicoianu, A., Majercsik, L., 2023. Ai-based visualization of remotely-sensed spectral images, in: 2023 International Symposium on Signals, Circuits and Systems (ISSCS), IEEE. pp. 1–4."
257,1987,A system overview of the airborne visible/infrared imaging spectrometer (aviris),"Porter, W.M., Enmark, H.T.","in: Imaging spectroscopy II, SPIE. pp. 22–31",Physics/Sensing,,,,,,False,False,False,False,https://scholar.google.com/scholar?q=A+system+overview+of+the+airborne+visible%2Finfrared+imaging+spectrometer+%28aviris%29+Porter+1987,https://www.semanticscholar.org/search?q=A+system+overview+of+the+airborne+visible%2Finfrared+imaging+spectrometer+%28aviris%29+Porter+1987,https://paperswithcode.com/search?q=A+system+overview+of+the+airborne+visible%2Finfrared+imaging+spectrometer+%28aviris%29,https://github.com/search?q=A+system+overview+of+the+airborne+visible%2Finfrared+imaging+spectrometer+%28aviris%29&type=repositories,search links generated; direct paper/code/dataset links not verified,,,"Porter, W.M., Enmark, H.T., 1987. A system overview of the airborne visible/infrared imaging spectrometer (aviris), in: Imaging spectroscopy II, SPIE. pp. 22–31."
258,2008,Limitations of principal components analysis for hyperspectral target recognition,"Prasad, S., Bruce, L.M.","IEEE Geoscience and Remote Sensing Letters 5, 625–629",Physics/Sensing,,,,,,False,False,False,False,https://scholar.google.com/scholar?q=Limitations+of+principal+components+analysis+for+hyperspectral+target+recognition+Prasad+2008,https://www.semanticscholar.org/search?q=Limitations+of+principal+components+analysis+for+hyperspectral+target+recognition+Prasad+2008,https://paperswithcode.com/search?q=Limitations+of+principal+components+analysis+for+hyperspectral+target+recognition,https://github.com/search?q=Limitations+of+principal+components+analysis+for+hyperspectral+target+recognition&type=repositories,search links generated; direct paper/code/dataset links not verified,,,"Prasad, S., Bruce, L.M., 2008. Limitations of principal components analysis for hyperspectral target recognition. IEEE Geoscience and Remote Sensing Letters 5, 625–629."
259,2024,Recent advances in object tracking using hyperspectral videos: a survey,"Qian, K., Shen, J., Wang, S., Sun, W.","Multimedia Tools and Applications 83, 56155–56181",High-level: Segmentation/Detection/Tracking,,,,,,False,False,False,False,https://scholar.google.com/scholar?q=Recent+advances+in+object+tracking+using+hyperspectral+videos%3A+a+survey+Qian+2024,https://www.semanticscholar.org/search?q=Recent+advances+in+object+tracking+using+hyperspectral+videos%3A+a+survey+Qian+2024,https://paperswithcode.com/search?q=Recent+advances+in+object+tracking+using+hyperspectral+videos%3A+a+survey,https://github.com/search?q=Recent+advances+in+object+tracking+using+hyperspectral+videos%3A+a+survey&type=repositories,search links generated; direct paper/code/dataset links not verified,,,"Qian, K., Shen, J., Wang, S., Sun, W., 2024. Recent advances in object tracking using hyperspectral videos: a survey. Multimedia Tools and Applications 83, 56155–56181."
260,2018,Object tracking in hyperspectral videos with convolutional features and kernelized correlation filter,"Qian, K., Zhou, J., Xiong, F., Zhou, H., Du, J.","in: Smart Multimedia: First International Conference, ICSM 2018, Toulon, France, August 24–26, 2018, Revised Selected Papers 1, Springer. pp. 308–319",High-level: Segmentation/Detection/Tracking,,,,,,False,False,False,False,https://scholar.google.com/scholar?q=Object+tracking+in+hyperspectral+videos+with+convolutional+features+and+kernelized+correlation+filter+Qian+2018,https://www.semanticscholar.org/search?q=Object+tracking+in+hyperspectral+videos+with+convolutional+features+and+kernelized+correlation+filter+Qian+2018,https://paperswithcode.com/search?q=Object+tracking+in+hyperspectral+videos+with+convolutional+features+and+kernelized+correlation+filter,https://github.com/search?q=Object+tracking+in+hyperspectral+videos+with+convolutional+features+and+kernelized+correlation+filter&type=repositories,search links generated; direct paper/code/dataset links not verified,,,"Qian, K., Zhou, J., Xiong, F., Zhou, H., Du, J., 2018. Object tracking in hyperspectral videos with convolutional features and kernelized correlation filter, in: Smart Multimedia: First International Conference, ICSM 2018, Toulon, France, August 24–26, 2018, Revised Selected Papers 1, Springer. pp. 308–319."
261,2025,Ufpf: A universal feature perception framework for microscopic hyperspectral images,"Qin, G., Liu, H., Li, W., Zhang, X., Guo, Y., Xia, X.G.","IEEE TIP 34, 5513–5526",Other / Background,,,,,,False,False,False,False,https://scholar.google.com/scholar?q=Ufpf%3A+A+universal+feature+perception+framework+for+microscopic+hyperspectral+images+Qin+2025,https://www.semanticscholar.org/search?q=Ufpf%3A+A+universal+feature+perception+framework+for+microscopic+hyperspectral+images+Qin+2025,https://paperswithcode.com/search?q=Ufpf%3A+A+universal+feature+perception+framework+for+microscopic+hyperspectral+images,https://github.com/search?q=Ufpf%3A+A+universal+feature+perception+framework+for+microscopic+hyperspectral+images&type=repositories,search links generated; direct paper/code/dataset links not verified,,,"Qin, G., Liu, H., Li, W., Zhang, X., Guo, Y., Xia, X.G., 2025. Ufpf: A universal feature perception framework for microscopic hyperspectral images. IEEE TIP 34, 5513–5526."
262,2024,Dmssn: Distilled mixed spectral–spatial network for hyperspectral salient object detection,"Qin, H., Xu, T., Liu, P., Xu, J., Li, J.","IEEE TGRS 62, 1–18",High-level: Segmentation/Detection/Tracking,,,,,,False,False,False,False,https://scholar.google.com/scholar?q=Dmssn%3A+Distilled+mixed+spectral%E2%80%93spatial+network+for+hyperspectral+salient+object+detection+Qin+2024,https://www.semanticscholar.org/search?q=Dmssn%3A+Distilled+mixed+spectral%E2%80%93spatial+network+for+hyperspectral+salient+object+detection+Qin+2024,https://paperswithcode.com/search?q=Dmssn%3A+Distilled+mixed+spectral%E2%80%93spatial+network+for+hyperspectral+salient+object+detection,https://github.com/search?q=Dmssn%3A+Distilled+mixed+spectral%E2%80%93spatial+network+for+hyperspectral+salient+object+detection&type=repositories,search links generated; direct paper/code/dataset links not verified,,,"Qin, H., Xu, T., Liu, P., Xu, J., Li, J., 2024. Dmssn: Distilled mixed spectral–spatial network for hyperspectral salient object detection. IEEE TGRS 62, 1–18."
263,2025,Hsod-bit-v2: A challenging benchmark for hyperspectral salient object detection,"Qiu, Y., Bai, S., Xu, T., Liu, P., Qin, H., Li, J.","in: AAAI, pp. 6630–6638",Dataset,,,,,,False,False,False,False,https://scholar.google.com/scholar?q=Hsod-bit-v2%3A+A+challenging+benchmark+for+hyperspectral+salient+object+detection+Qiu+2025,https://www.semanticscholar.org/search?q=Hsod-bit-v2%3A+A+challenging+benchmark+for+hyperspectral+salient+object+detection+Qiu+2025,https://paperswithcode.com/search?q=Hsod-bit-v2%3A+A+challenging+benchmark+for+hyperspectral+salient+object+detection,https://github.com/search?q=Hsod-bit-v2%3A+A+challenging+benchmark+for+hyperspectral+salient+object+detection&type=repositories,search links generated; direct paper/code/dataset links not verified,,,"Qiu, Y., Bai, S., Xu, T., Liu, P., Qin, H., Li, J., 2025. Hsod-bit-v2: A challenging benchmark for hyperspectral salient object detection, in: AAAI, pp. 6630–6638."
264,2019,"Hyperspectral document image processing: Applications, challenges and future prospects","Qureshi, R., Uzair, M., Khurshid, K., Yan, H.","Pattern Recognition 90, 12–22",Dataset,,,,,,False,False,False,False,https://scholar.google.com/scholar?q=Hyperspectral+document+image+processing%3A+Applications%2C+challenges+and+future+prospects+Qureshi+2019,https://www.semanticscholar.org/search?q=Hyperspectral+document+image+processing%3A+Applications%2C+challenges+and+future+prospects+Qureshi+2019,https://paperswithcode.com/search?q=Hyperspectral+document+image+processing%3A+Applications%2C+challenges+and+future+prospects,https://github.com/search?q=Hyperspectral+document+image+processing%3A+Applications%2C+challenges+and+future+prospects&type=repositories,search links generated; direct paper/code/dataset links not verified,,,"Qureshi, R., Uzair, M., Khurshid, K., Yan, H., 2019. Hyperspectral document image processing: Applications, challenges and future prospects. Pattern Recognition 90, 12–22."
265,2026,Hyspefas: A hyperspectral face anti-spoofing dataset based on snapshot compressive imaging,"Rao, S., Huang, Y., Zhang, X., Fang, H., Liu, A., Wan, J., Cui, K., Li, Y.","IEEE Transactions on Information Forensics and Security 21, 669–680",Dataset,,,,,,False,False,False,False,https://scholar.google.com/scholar?q=Hyspefas%3A+A+hyperspectral+face+anti-spoofing+dataset+based+on+snapshot+compressive+imaging+Rao+2026,https://www.semanticscholar.org/search?q=Hyspefas%3A+A+hyperspectral+face+anti-spoofing+dataset+based+on+snapshot+compressive+imaging+Rao+2026,https://paperswithcode.com/search?q=Hyspefas%3A+A+hyperspectral+face+anti-spoofing+dataset+based+on+snapshot+compressive+imaging,https://github.com/search?q=Hyspefas%3A+A+hyperspectral+face+anti-spoofing+dataset+based+on+snapshot+compressive+imaging&type=repositories,search links generated; direct paper/code/dataset links not verified,,,"Rao, S., Huang, Y., Zhang, X., Fang, H., Liu, A., Wan, J., Cui, K., Li, Y., 2026. Hyspefas: A hyperspectral face anti-spoofing dataset based on snapshot compressive imaging. IEEE Transactions on Information Forensics and Security 21, 669–680."
266,2024,Point-supervised semantic segmentation of natural scenes via hyperspectral imaging,"Ren, T., Shen, Q., Fu, Y., You, S.","in: CVPR workshops, pp. 1357–1367",High-level: Segmentation/Detection/Tracking,,,,,,False,False,False,False,https://scholar.google.com/scholar?q=Point-supervised+semantic+segmentation+of+natural+scenes+via+hyperspectral+imaging+Ren+2024,https://www.semanticscholar.org/search?q=Point-supervised+semantic+segmentation+of+natural+scenes+via+hyperspectral+imaging+Ren+2024,https://paperswithcode.com/search?q=Point-supervised+semantic+segmentation+of+natural+scenes+via+hyperspectral+imaging,https://github.com/search?q=Point-supervised+semantic+segmentation+of+natural+scenes+via+hyperspectral+imaging&type=repositories,search links generated; direct paper/code/dataset links not verified,,,"Ren, T., Shen, Q., Fu, Y., You, S., 2024. Point-supervised semantic segmentation of natural scenes via hyperspectral imaging, in: CVPR workshops, pp. 1357–1367."
267,2018,A convolutional neural network for pixelwise illuminant recovery in colour and spectral images,"Robles-Kelly, A., Wei, R.","in: 2018 24th International Conference on Pattern Recognition (ICPR), IEEE. pp. 109–114",Low-level: Reconstruction,,,,,,False,False,False,False,https://scholar.google.com/scholar?q=A+convolutional+neural+network+for+pixelwise+illuminant+recovery+in+colour+and+spectral+images+Robles-Kelly+2018,https://www.semanticscholar.org/search?q=A+convolutional+neural+network+for+pixelwise+illuminant+recovery+in+colour+and+spectral+images+Robles-Kelly+2018,https://paperswithcode.com/search?q=A+convolutional+neural+network+for+pixelwise+illuminant+recovery+in+colour+and+spectral+images,https://github.com/search?q=A+convolutional+neural+network+for+pixelwise+illuminant+recovery+in+colour+and+spectral+images&type=repositories,search links generated; direct paper/code/dataset links not verified,,,"Robles-Kelly, A., Wei, R., 2018. A convolutional neural network for pixelwise illuminant recovery in colour and spectral images, in: 2018 24th International Conference on Pattern Recognition (ICPR), IEEE. pp. 109–114."
268,2022,High-resolution image synthesis with latent diffusion models,"Rombach, R., Blattmann, A., Lorenz, D., Esser, P., Ommer, B.","in: CVPR, pp. 10684–10695",Low-level: Super-resolution/Fusion,,,,,,False,False,False,False,https://scholar.google.com/scholar?q=High-resolution+image+synthesis+with+latent+diffusion+models+Rombach+2022,https://www.semanticscholar.org/search?q=High-resolution+image+synthesis+with+latent+diffusion+models+Rombach+2022,https://paperswithcode.com/search?q=High-resolution+image+synthesis+with+latent+diffusion+models,https://github.com/search?q=High-resolution+image+synthesis+with+latent+diffusion+models&type=repositories,search links generated; direct paper/code/dataset links not verified,,,"Rombach, R., Blattmann, A., Lorenz, D., Esser, P., Ommer, B., 2022. High-resolution image synthesis with latent diffusion models, in: CVPR, pp. 10684–10695."
269,2021,Machine learning techniques for analysis of hyperspectral images to determine quality of food products: A review,"Saha, D., Manickavasagan, A.","Current Research in Food Science 4, 28–44",Other / Background,,,,,,False,False,False,False,https://scholar.google.com/scholar?q=Machine+learning+techniques+for+analysis+of+hyperspectral+images+to+determine+quality+of+food+products%3A+A+review+Saha+2021,https://www.semanticscholar.org/search?q=Machine+learning+techniques+for+analysis+of+hyperspectral+images+to+determine+quality+of+food+products%3A+A+review+Saha+2021,https://paperswithcode.com/search?q=Machine+learning+techniques+for+analysis+of+hyperspectral+images+to+determine+quality+of+food+products%3A+A+review,https://github.com/search?q=Machine+learning+techniques+for+analysis+of+hyperspectral+images+to+determine+quality+of+food+products%3A+A+review&type=repositories,search links generated; direct paper/code/dataset links not verified,,,"Saha, D., Manickavasagan, A., 2021. Machine learning techniques for analysis of hyperspectral images to determine quality of food products: A review. Current Research in Food Science 4, 28–44."
270,2002,Generalized mosaicing: Wide field of view multispectral imaging,"Schechner, Y.Y., Nayar, S.K.","IEEE TPAMI 24, 1334–1348",Other / Background,,,,,,False,False,False,False,https://scholar.google.com/scholar?q=Generalized+mosaicing%3A+Wide+field+of+view+multispectral+imaging+Schechner+2002,https://www.semanticscholar.org/search?q=Generalized+mosaicing%3A+Wide+field+of+view+multispectral+imaging+Schechner+2002,https://paperswithcode.com/search?q=Generalized+mosaicing%3A+Wide+field+of+view+multispectral+imaging,https://github.com/search?q=Generalized+mosaicing%3A+Wide+field+of+view+multispectral+imaging&type=repositories,search links generated; direct paper/code/dataset links not verified,,,"Schechner, Y.Y., Nayar, S.K., 2002. Generalized mosaicing: Wide field of view multispectral imaging. IEEE TPAMI 24, 1334–1348."
271,2023,Masked vision transformers for hyperspectral image classification,"Scheibenreif, L., Mommert, M., Borth, D.","in: CVPR, pp. 2166– 2176",High-level: Segmentation/Detection/Tracking,,,,,,False,False,False,False,https://scholar.google.com/scholar?q=Masked+vision+transformers+for+hyperspectral+image+classification+Scheibenreif+2023,https://www.semanticscholar.org/search?q=Masked+vision+transformers+for+hyperspectral+image+classification+Scheibenreif+2023,https://paperswithcode.com/search?q=Masked+vision+transformers+for+hyperspectral+image+classification,https://github.com/search?q=Masked+vision+transformers+for+hyperspectral+image+classification&type=repositories,search links generated; direct paper/code/dataset links not verified,,,"Scheibenreif, L., Mommert, M., Borth, D., 2023. Masked vision transformers for hyperspectral image classification, in: CVPR, pp. 2166– 2176."
272,2005,"The ciede2000 color-difference formula: Implementation notes, supplementary test data, and mathematical observations","Sharma, G., Wu, W., Dalal, E.N.","Color Research & Application: Endorsed by Inter-Society Color Council, The Colour Group (Great Britain), Canadian Society for Color, Color Science Association of Japan, Dutch Society for the Study of Color, The Swedish Colour Centre Foundation, Colour Society of Australia, Centre Français de la Couleur 30, 21–30",Other / Background,,,,,,False,False,False,False,https://scholar.google.com/scholar?q=The+ciede2000+color-difference+formula%3A+Implementation+notes%2C+supplementary+test+data%2C+and+mathematical+observations+Sharma+2005,https://www.semanticscholar.org/search?q=The+ciede2000+color-difference+formula%3A+Implementation+notes%2C+supplementary+test+data%2C+and+mathematical+observations+Sharma+2005,https://paperswithcode.com/search?q=The+ciede2000+color-difference+formula%3A+Implementation+notes%2C+supplementary+test+data%2C+and+mathematical+observations,https://github.com/search?q=The+ciede2000+color-difference+formula%3A+Implementation+notes%2C+supplementary+test+data%2C+and+mathematical+observations&type=repositories,search links generated; direct paper/code/dataset links not verified,,,"Sharma, G., Wu, W., Dalal, E.N., 2005. The ciede2000 color-difference formula: Implementation notes, supplementary test data, and mathematical observations. Color Research & Application: Endorsed by Inter-Society Color Council, The Colour Group (Great Britain), Canadian Society for Color, Color Science Association of Japan, Dutch Society for the Study of Color, The Swedish Colour Centre Foundation, Colour Society of Australia, Centre Français de la Couleur 30, 21–30."
273,2022,Urban scene understanding via hyperspectral images: Dataset and benchmark,"Shen, Q., Huang, Y., Ren, T., Fu, Y., You, S.",Available at SSRN 4560035,Dataset,https://zenodo.org/records/7013301,,https://github.com/iori2333/HSICityV2-Benchmark,https://zenodo.org/records/7013301,,True,True,True,False,https://scholar.google.com/scholar?q=Shen%2C+Q.%2C+Huang%2C+Y.%2C+Ren%2C+T.%2C+Fu%2C+Y.%2C+You%2C+S.%2C++,https://www.semanticscholar.org/search?q=Shen%2C+Q.%2C+Huang%2C+Y.%2C+Ren%2C+T.%2C+Fu%2C+Y.%2C+You%2C+S.%2C++,https://paperswithcode.com/search?q=Shen%2C+Q.%2C+Huang%2C+Y.%2C+Ren%2C+T.%2C+Fu%2C+Y.%2C+You%2C+S.%2C,https://github.com/search?q=Shen%2C+Q.%2C+Huang%2C+Y.%2C+Ren%2C+T.%2C+Fu%2C+Y.%2C+You%2C+S.%2C&type=repositories,verified dataset + benchmark code link,https://github.com/iori2333/HSICityV2-Benchmark,,"Shen, Q., Huang, Y., Ren, T., Fu, Y., You, S., . Urban scene understanding via hyperspectral images: Dataset and benchmark. Available at SSRN 4560035 ."
274,2016,Deep specialized network for illuminant estimation,"Shi, W., Loy, C.C., Tang, X.","in: Computer Vision–ECCV 2016: 14th European Conference, Amsterdam, The Netherlands, October 11–14, 2016, Proceedings, Part IV 14, Springer. pp. 371–387",Physics/Sensing,,,,,,False,False,False,False,https://scholar.google.com/scholar?q=Deep+specialized+network+for+illuminant+estimation+Shi+2016,https://www.semanticscholar.org/search?q=Deep+specialized+network+for+illuminant+estimation+Shi+2016,https://paperswithcode.com/search?q=Deep+specialized+network+for+illuminant+estimation,https://github.com/search?q=Deep+specialized+network+for+illuminant+estimation&type=repositories,search links generated; direct paper/code/dataset links not verified,,,"Shi, W., Loy, C.C., Tang, X., 2016. Deep specialized network for illuminant estimation, in: Computer Vision–ECCV 2016: 14th European Conference, Amsterdam, The Netherlands, October 11–14, 2016, Proceedings, Part IV 14, Springer. pp. 371–387."
275,2024,Dispersed structured light for hyperspectral 3d imaging,"Shin, S., Choi, S., Heide, F., Baek, S.H.","in: CVPR, pp. 24997–25006",Physics/Sensing,,,,,,False,False,False,False,https://scholar.google.com/scholar?q=Dispersed+structured+light+for+hyperspectral+3d+imaging+Shin+2024,https://www.semanticscholar.org/search?q=Dispersed+structured+light+for+hyperspectral+3d+imaging+Shin+2024,https://paperswithcode.com/search?q=Dispersed+structured+light+for+hyperspectral+3d+imaging,https://github.com/search?q=Dispersed+structured+light+for+hyperspectral+3d+imaging&type=repositories,search links generated; direct paper/code/dataset links not verified,,,"Shin, S., Choi, S., Heide, F., Baek, S.H., 2024a. Dispersed structured light for hyperspectral 3d imaging, in: CVPR, pp. 24997–25006."
276,2024,Dense dispersed structured light for hyperspectral 3d imaging of dynamic scenes,"Shin, S., Yoon, S., Maeda, R., Baek, S.H.",arXiv preprint arXiv:2412.01140 ,Physics/Sensing,https://arxiv.org/abs/2412.01140,,,,2412.01140,True,False,False,False,https://scholar.google.com/scholar?q=Dense+dispersed+structured+light+for+hyperspectral+3d+imaging+of+dynamic+scenes+Shin+2024,https://www.semanticscholar.org/search?q=Dense+dispersed+structured+light+for+hyperspectral+3d+imaging+of+dynamic+scenes+Shin+2024,https://paperswithcode.com/search?q=Dense+dispersed+structured+light+for+hyperspectral+3d+imaging+of+dynamic+scenes,https://github.com/search?q=Dense+dispersed+structured+light+for+hyperspectral+3d+imaging+of+dynamic+scenes&type=repositories,arXiv URL parsed from reference; other direct links not verified,,,"Shin, S., Yoon, S., Maeda, R., Baek, S.H., 2024b. Dense dispersed structured light for hyperspectral 3d imaging of dynamic scenes. arXiv preprint arXiv:2412.01140 ."
277,2024,"Spectralgaussians: Semantic, spectral 3d gaussian splatting for multi-spectral scene representation, visualization and analysis","Sinha, S.N., Graf, H., Weinmann, M.",arXiv preprint arXiv:2408.06975 ,Other / Background,https://arxiv.org/abs/2408.06975,,,,2408.06975,True,False,False,False,https://scholar.google.com/scholar?q=Spectralgaussians%3A+Semantic%2C+spectral+3d+gaussian+splatting+for+multi-spectral+scene+representation%2C+visualization+and+analysis+Sinha+2024,https://www.semanticscholar.org/search?q=Spectralgaussians%3A+Semantic%2C+spectral+3d+gaussian+splatting+for+multi-spectral+scene+representation%2C+visualization+and+analysis+Sinha+2024,https://paperswithcode.com/search?q=Spectralgaussians%3A+Semantic%2C+spectral+3d+gaussian+splatting+for+multi-spectral+scene+representation%2C+visualization+and+analysis,https://github.com/search?q=Spectralgaussians%3A+Semantic%2C+spectral+3d+gaussian+splatting+for+multi-spectral+scene+representation%2C+visualization+and+analysis&type=repositories,arXiv URL parsed from reference; other direct links not verified,,,"Sinha, S.N., Graf, H., Weinmann, M., 2024. Spectralgaussians: Semantic, spectral 3d gaussian splatting for multi-spectral scene representation, visualization and analysis. arXiv preprint arXiv:2408.06975 ."
278,2020,Implicit neural representations with periodic activation functions,"Sitzmann, V., Martel, J., Bergman, A., Lindell, D., Wetzstein, G.","Advances in neural information processing systems 33, 7462–7473",Other / Background,,,,,,False,False,False,False,https://scholar.google.com/scholar?q=Implicit+neural+representations+with+periodic+activation+functions+Sitzmann+2020,https://www.semanticscholar.org/search?q=Implicit+neural+representations+with+periodic+activation+functions+Sitzmann+2020,https://paperswithcode.com/search?q=Implicit+neural+representations+with+periodic+activation+functions,https://github.com/search?q=Implicit+neural+representations+with+periodic+activation+functions&type=repositories,search links generated; direct paper/code/dataset links not verified,,,"Sitzmann, V., Martel, J., Bergman, A., Lindell, D., Wetzstein, G., 2020. Implicit neural representations with periodic activation functions. Advances in neural information processing systems 33, 7462–7473."
279,2024,Supervised contrastive learning for snapshot spectral imaging face anti- spoofing,"Song, C., Hong, Y., Lan, J., Zhu, H., Wang, W., Zhang, J.","in: CVPR, pp. 980–985",Low-level: Reconstruction,,,,,,False,False,False,False,https://scholar.google.com/scholar?q=Supervised+contrastive+learning+for+snapshot+spectral+imaging+face+anti-+spoofing+Song+2024,https://www.semanticscholar.org/search?q=Supervised+contrastive+learning+for+snapshot+spectral+imaging+face+anti-+spoofing+Song+2024,https://paperswithcode.com/search?q=Supervised+contrastive+learning+for+snapshot+spectral+imaging+face+anti-+spoofing,https://github.com/search?q=Supervised+contrastive+learning+for+snapshot+spectral+imaging+face+anti-+spoofing&type=repositories,search links generated; direct paper/code/dataset links not verified,,,"Song, C., Hong, Y., Lan, J., Zhu, H., Wang, W., Zhang, J., 2024. Supervised contrastive learning for snapshot spectral imaging face anti- spoofing, in: CVPR, pp. 980–985."
280,2019,Hyperspectral imaging in environmental monitoring: A review of recent developments and technological advances in compact field deployable systems,"Stuart, M.B., McGonigle, A.J., Willmott, J.R.","Sensors 19, 3071",Physics/Sensing,,,,,,False,False,False,False,https://scholar.google.com/scholar?q=Hyperspectral+imaging+in+environmental+monitoring%3A+A+review+of+recent+developments+and+technological+advances+in+compact+field+deployable+systems+Stuart+2019,https://www.semanticscholar.org/search?q=Hyperspectral+imaging+in+environmental+monitoring%3A+A+review+of+recent+developments+and+technological+advances+in+compact+field+deployable+systems+Stuart+2019,https://paperswithcode.com/search?q=Hyperspectral+imaging+in+environmental+monitoring%3A+A+review+of+recent+developments+and+technological+advances+in+compact+field+deployable+systems,https://github.com/search?q=Hyperspectral+imaging+in+environmental+monitoring%3A+A+review+of+recent+developments+and+technological+advances+in+compact+field+deployable+systems&type=repositories,search links generated; direct paper/code/dataset links not verified,,,"Stuart, M.B., McGonigle, A.J., Willmott, J.R., 2019. Hyperspectral imaging in environmental monitoring: A review of recent developments and technological advances in compact field deployable systems. Sensors 19, 3071."
281,2018,Illumination separation of non-lambertian scenes from a single hyperspectral image,"Su, T., Zhou, Y., Yu, Y., Cao, X., Du, S.","Optics express 26, 26167–26178",Physics/Sensing,,,,,,False,False,False,False,https://scholar.google.com/scholar?q=Illumination+separation+of+non-lambertian+scenes+from+a+single+hyperspectral+image+Su+2018,https://www.semanticscholar.org/search?q=Illumination+separation+of+non-lambertian+scenes+from+a+single+hyperspectral+image+Su+2018,https://paperswithcode.com/search?q=Illumination+separation+of+non-lambertian+scenes+from+a+single+hyperspectral+image,https://github.com/search?q=Illumination+separation+of+non-lambertian+scenes+from+a+single+hyperspectral+image&type=repositories,search links generated; direct paper/code/dataset links not verified,,,"Su, T., Zhou, Y., Yu, Y., Cao, X., Du, S., 2018. Illumination separation of non-lambertian scenes from a single hyperspectral image. Optics express 26, 26167–26178."
282,2022,Transformer-based regression network for pansharpening remote sensing images,"Su, X., Li, J., Hua, Z.","IEEE TGRS 60, 1–23",Low-level: Super-resolution/Fusion,,,,,,False,False,False,False,https://scholar.google.com/scholar?q=Transformer-based+regression+network+for+pansharpening+remote+sensing+images+Su+2022,https://www.semanticscholar.org/search?q=Transformer-based+regression+network+for+pansharpening+remote+sensing+images+Su+2022,https://paperswithcode.com/search?q=Transformer-based+regression+network+for+pansharpening+remote+sensing+images,https://github.com/search?q=Transformer-based+regression+network+for+pansharpening+remote+sensing+images&type=repositories,search links generated; direct paper/code/dataset links not verified,,,"Su, X., Li, J., Hua, Z., 2022. Transformer-based regression network for pansharpening remote sensing images. IEEE TGRS 60, 1–23."
283,2019,Bigearthnet: A large-scale benchmark archive for remote sensing image understanding,"Sumbul, G., Charfuelan, M., Demir, B., Markl, V.","in: IGARSS 2019-2019 IEEE international geoscience and remote sensing symposium, IEEE. pp. 5901–5904",Dataset,,,,,,False,False,False,False,https://scholar.google.com/scholar?q=Bigearthnet%3A+A+large-scale+benchmark+archive+for+remote+sensing+image+understanding+Sumbul+2019,https://www.semanticscholar.org/search?q=Bigearthnet%3A+A+large-scale+benchmark+archive+for+remote+sensing+image+understanding+Sumbul+2019,https://paperswithcode.com/search?q=Bigearthnet%3A+A+large-scale+benchmark+archive+for+remote+sensing+image+understanding,https://github.com/search?q=Bigearthnet%3A+A+large-scale+benchmark+archive+for+remote+sensing+image+understanding&type=repositories,search links generated; direct paper/code/dataset links not verified,,,"Sumbul, G., Charfuelan, M., Demir, B., Markl, V., 2019. Bigearthnet: A large-scale benchmark archive for remote sensing image understanding, in: IGARSS 2019-2019 IEEE international geoscience and remote sensing symposium, IEEE. pp. 5901–5904."
284,2023,Dual spatial–spectral pyramid network with transformer for hyperspectral image fusion,"Sun, Y., Xu, H., Ma, Y., Wu, M., Mei, X., Huang, J., Ma, J.","IEEE TGRS 61, 1–16",Low-level: Super-resolution/Fusion,,,,,,False,False,False,False,https://scholar.google.com/scholar?q=Dual+spatial%E2%80%93spectral+pyramid+network+with+transformer+for+hyperspectral+image+fusion+Sun+2023,https://www.semanticscholar.org/search?q=Dual+spatial%E2%80%93spectral+pyramid+network+with+transformer+for+hyperspectral+image+fusion+Sun+2023,https://paperswithcode.com/search?q=Dual+spatial%E2%80%93spectral+pyramid+network+with+transformer+for+hyperspectral+image+fusion,https://github.com/search?q=Dual+spatial%E2%80%93spectral+pyramid+network+with+transformer+for+hyperspectral+image+fusion&type=repositories,search links generated; direct paper/code/dataset links not verified,,,"Sun, Y., Xu, H., Ma, Y., Wu, M., Mei, X., Huang, J., Ma, J., 2023. Dual spatial–spectral pyramid network with transformer for hyperspectral image fusion. IEEE TGRS 61, 1–16."
285,2022,Computer vision: algorithms and applications,"Szeliski, R.",Springer Nature,Other / Background,,,,,,False,False,False,False,https://scholar.google.com/scholar?q=Computer+vision%3A+algorithms+and+applications+Szeliski+2022,https://www.semanticscholar.org/search?q=Computer+vision%3A+algorithms+and+applications+Szeliski+2022,https://paperswithcode.com/search?q=Computer+vision%3A+algorithms+and+applications,https://github.com/search?q=Computer+vision%3A+algorithms+and+applications&type=repositories,search links generated; direct paper/code/dataset links not verified,,,"Szeliski, R., 2022. Computer vision: algorithms and applications. Springer Nature."
286,2024,Ensemble deep learning for high-precision classification of 90 rice seed varieties from hyperspectral images,"Taheri, A., Ebrahimnezhad, H., Sedaaghi, M.","Journal of Ambient Intelligence and Humanized Computing 15, 2883–2899",High-level: Segmentation/Detection/Tracking,,,,,,False,False,False,False,https://scholar.google.com/scholar?q=Ensemble+deep+learning+for+high-precision+classification+of+90+rice+seed+varieties+from+hyperspectral+images+Taheri+2024,https://www.semanticscholar.org/search?q=Ensemble+deep+learning+for+high-precision+classification+of+90+rice+seed+varieties+from+hyperspectral+images+Taheri+2024,https://paperswithcode.com/search?q=Ensemble+deep+learning+for+high-precision+classification+of+90+rice+seed+varieties+from+hyperspectral+images,https://github.com/search?q=Ensemble+deep+learning+for+high-precision+classification+of+90+rice+seed+varieties+from+hyperspectral+images&type=repositories,search links generated; direct paper/code/dataset links not verified,,,"Taheri, A., Ebrahimnezhad, H., Sedaaghi, M., 2024. Ensemble deep learning for high-precision classification of 90 rice seed varieties from hyperspectral images. Journal of Ambient Intelligence and Humanized Computing 15, 2883–2899."
287,2020,Land-use land-cover classification by machine learning classifiers for satellite observations—a review,"Talukdar, S., Singha, P., Mahato, S., Pal, S., Liou, Y.A., Rahman, A.","Remote sensing 12, 1135",High-level: Segmentation/Detection/Tracking,,,,,,False,False,False,False,https://scholar.google.com/scholar?q=Land-use+land-cover+classification+by+machine+learning+classifiers+for+satellite+observations%E2%80%94a+review+Talukdar+2020,https://www.semanticscholar.org/search?q=Land-use+land-cover+classification+by+machine+learning+classifiers+for+satellite+observations%E2%80%94a+review+Talukdar+2020,https://paperswithcode.com/search?q=Land-use+land-cover+classification+by+machine+learning+classifiers+for+satellite+observations%E2%80%94a+review,https://github.com/search?q=Land-use+land-cover+classification+by+machine+learning+classifiers+for+satellite+observations%E2%80%94a+review&type=repositories,search links generated; direct paper/code/dataset links not verified,,,"Talukdar, S., Singha, P., Mahato, S., Pal, S., Liou, Y.A., Rahman, A., 2020. Land-use land-cover classification by machine learning classifiers for satellite observations—a review. Remote sensing 12, 1135."
288,2025,Physwin: An efficient and physically-informed foundation model for multispectral earth observation,"Tang, C., Powell, J., Koch, D., Mullins, R.D., Weddell, A.S., Chauhan, J.",in: NeurIPS,Foundation Model,,,,,,False,False,False,False,https://scholar.google.com/scholar?q=Physwin%3A+An+efficient+and+physically-informed+foundation+model+for+multispectral+earth+observation+Tang+2025,https://www.semanticscholar.org/search?q=Physwin%3A+An+efficient+and+physically-informed+foundation+model+for+multispectral+earth+observation+Tang+2025,https://paperswithcode.com/search?q=Physwin%3A+An+efficient+and+physically-informed+foundation+model+for+multispectral+earth+observation,https://github.com/search?q=Physwin%3A+An+efficient+and+physically-informed+foundation+model+for+multispectral+earth+observation&type=repositories,search links generated; direct paper/code/dataset links not verified,,,"Tang, C., Powell, J., Koch, D., Mullins, R.D., Weddell, A.S., Chauhan, J., 2025. Physwin: An efficient and physically-informed foundation model for multispectral earth observation, in: NeurIPS."
289,2024,Hs3-bench: A benchmark and strong baseline for hyperspectral semantic segmentation in driving scenarios,"Theisen, N., Bartsch, R., Paulus, D., Neubert, P.","in: 2024 IEEE/RSJ International Conference on Intelligent Robots and Systems (IROS), IEEE. pp. 5895–5901",Dataset,,,,,,False,False,False,False,https://scholar.google.com/scholar?q=Hs3-bench%3A+A+benchmark+and+strong+baseline+for+hyperspectral+semantic+segmentation+in+driving+scenarios+Theisen+2024,https://www.semanticscholar.org/search?q=Hs3-bench%3A+A+benchmark+and+strong+baseline+for+hyperspectral+semantic+segmentation+in+driving+scenarios+Theisen+2024,https://paperswithcode.com/search?q=Hs3-bench%3A+A+benchmark+and+strong+baseline+for+hyperspectral+semantic+segmentation+in+driving+scenarios,https://github.com/search?q=Hs3-bench%3A+A+benchmark+and+strong+baseline+for+hyperspectral+semantic+segmentation+in+driving+scenarios&type=repositories,search links generated; direct paper/code/dataset links not verified,,,"Theisen, N., Bartsch, R., Paulus, D., Neubert, P., 2024. Hs3-bench: A benchmark and strong baseline for hyperspectral semantic segmentation in driving scenarios, in: 2024 IEEE/RSJ International Conference on Intelligent Robots and Systems (IROS), IEEE. pp. 5895–5901."
290,2025,Hypergs: Hyperspectral 3d gaussian splatting,"Thirgood, C., Mendez, O., Ling, E., Storey, J., Hadfield, S.","in: Proceedings of the Computer Vision and Pattern Recognition Conference, pp. 5970–5979",Other / Background,,,,,,False,False,False,False,https://scholar.google.com/scholar?q=Hypergs%3A+Hyperspectral+3d+gaussian+splatting+Thirgood+2025,https://www.semanticscholar.org/search?q=Hypergs%3A+Hyperspectral+3d+gaussian+splatting+Thirgood+2025,https://paperswithcode.com/search?q=Hypergs%3A+Hyperspectral+3d+gaussian+splatting,https://github.com/search?q=Hypergs%3A+Hyperspectral+3d+gaussian+splatting&type=repositories,search links generated; direct paper/code/dataset links not verified,,,"Thirgood, C., Mendez, O., Ling, E., Storey, J., Hadfield, S., 2025. Hypergs: Hyperspectral 3d gaussian splatting, in: Proceedings of the Computer Vision and Pattern Recognition Conference, pp. 5970–5979."
291,2025,"Trends in snapshot spectral imaging: systems, processing, and quality","Thomas, J.B., Lapray, P.J., Le Moan, S.","Sensors 25, 675",Low-level: Reconstruction,,,,,,False,False,False,False,https://scholar.google.com/scholar?q=Trends+in+snapshot+spectral+imaging%3A+systems%2C+processing%2C+and+quality+Thomas+2025,https://www.semanticscholar.org/search?q=Trends+in+snapshot+spectral+imaging%3A+systems%2C+processing%2C+and+quality+Thomas+2025,https://paperswithcode.com/search?q=Trends+in+snapshot+spectral+imaging%3A+systems%2C+processing%2C+and+quality,https://github.com/search?q=Trends+in+snapshot+spectral+imaging%3A+systems%2C+processing%2C+and+quality&type=repositories,search links generated; direct paper/code/dataset links not verified,,,"Thomas, J.B., Lapray, P.J., Le Moan, S., 2025. Trends in snapshot spectral imaging: systems, processing, and quality. Sensors 25, 675."
292,2018,Graph and rank regularized matrix recovery for snapshot spectral image demosaicing,"Tsagkatakis, G., Bloemen, M., Geelen, B., Jayapala, M., Tsakalides, P.","IEEE TCI 5, 301–316",Low-level: Reconstruction,,,,,,False,False,False,False,https://scholar.google.com/scholar?q=Graph+and+rank+regularized+matrix+recovery+for+snapshot+spectral+image+demosaicing+Tsagkatakis+2018,https://www.semanticscholar.org/search?q=Graph+and+rank+regularized+matrix+recovery+for+snapshot+spectral+image+demosaicing+Tsagkatakis+2018,https://paperswithcode.com/search?q=Graph+and+rank+regularized+matrix+recovery+for+snapshot+spectral+image+demosaicing,https://github.com/search?q=Graph+and+rank+regularized+matrix+recovery+for+snapshot+spectral+image+demosaicing&type=repositories,search links generated; direct paper/code/dataset links not verified,,,"Tsagkatakis, G., Bloemen, M., Geelen, B., Jayapala, M., Tsakalides, P., 2018. Graph and rank regularized matrix recovery for snapshot spectral image demosaicing. IEEE TCI 5, 301–316."
293,2025,Self-supervised masked graph autoencoder for hyperspectral anomaly detection,"Tu, B., He, B., He, Y., Zhou, T., Liu, B., Li, J., Plaza, A.","IEEE TIP 34, 6714–6729",High-level: Segmentation/Detection/Tracking,,,,,,False,False,False,False,https://scholar.google.com/scholar?q=Self-supervised+masked+graph+autoencoder+for+hyperspectral+anomaly+detection+Tu+2025,https://www.semanticscholar.org/search?q=Self-supervised+masked+graph+autoencoder+for+hyperspectral+anomaly+detection+Tu+2025,https://paperswithcode.com/search?q=Self-supervised+masked+graph+autoencoder+for+hyperspectral+anomaly+detection,https://github.com/search?q=Self-supervised+masked+graph+autoencoder+for+hyperspectral+anomaly+detection&type=repositories,search links generated; direct paper/code/dataset links not verified,,,"Tu, B., He, B., He, Y., Zhou, T., Liu, B., Li, J., Plaza, A., 2025. Self-supervised masked graph autoencoder for hyperspectral anomaly detection. IEEE TIP 34, 6714–6729."
294,2015,Hyperspectral face recognition by texture feature extraction using hybrid wavelets type i & ii and kekre wavelet transform,"Vartak, P.P., Bharadi, V.A.","in: 2015 International Conference on Computing Communication Control and Automation, IEEE. pp. 721–727",High-level: Segmentation/Detection/Tracking,,,,,,False,False,False,False,https://scholar.google.com/scholar?q=Hyperspectral+face+recognition+by+texture+feature+extraction+using+hybrid+wavelets+type+i+%26+ii+and+kekre+wavelet+transform+Vartak+2015,https://www.semanticscholar.org/search?q=Hyperspectral+face+recognition+by+texture+feature+extraction+using+hybrid+wavelets+type+i+%26+ii+and+kekre+wavelet+transform+Vartak+2015,https://paperswithcode.com/search?q=Hyperspectral+face+recognition+by+texture+feature+extraction+using+hybrid+wavelets+type+i+%26+ii+and+kekre+wavelet+transform,https://github.com/search?q=Hyperspectral+face+recognition+by+texture+feature+extraction+using+hybrid+wavelets+type+i+%26+ii+and+kekre+wavelet+transform&type=repositories,search links generated; direct paper/code/dataset links not verified,,,"Vartak, P.P., Bharadi, V.A., 2015. Hyperspectral face recognition by texture feature extraction using hybrid wavelets type i & ii and kekre wavelet transform, in: 2015 International Conference on Computing Communication Control and Automation, IEEE. pp. 721–727."
295,2011,Hyperspectral image classification with independent component discriminant analysis,"Villa, A., Benediktsson, J.A., Chanussot, J., Jutten, C.","IEEE TGRS 49, 4865–4876",High-level: Segmentation/Detection/Tracking,,,,,,False,False,False,False,https://scholar.google.com/scholar?q=Hyperspectral+image+classification+with+independent+component+discriminant+analysis+Villa+2011,https://www.semanticscholar.org/search?q=Hyperspectral+image+classification+with+independent+component+discriminant+analysis+Villa+2011,https://paperswithcode.com/search?q=Hyperspectral+image+classification+with+independent+component+discriminant+analysis,https://github.com/search?q=Hyperspectral+image+classification+with+independent+component+discriminant+analysis&type=repositories,search links generated; direct paper/code/dataset links not verified,,,"Villa, A., Benediktsson, J.A., Chanussot, J., Jutten, C., 2011. Hyperspectral image classification with independent component discriminant analysis. IEEE TGRS 49, 4865–4876."
296,2008,Single disperser design for coded aperture snapshot spectral imaging,"Wagadarikar, A., John, R., Willett, R., Brady, D.","Applied optics 47, B44–B51",Low-level: Reconstruction,,,,,,False,False,False,False,https://scholar.google.com/scholar?q=Single+disperser+design+for+coded+aperture+snapshot+spectral+imaging+Wagadarikar+2008,https://www.semanticscholar.org/search?q=Single+disperser+design+for+coded+aperture+snapshot+spectral+imaging+Wagadarikar+2008,https://paperswithcode.com/search?q=Single+disperser+design+for+coded+aperture+snapshot+spectral+imaging,https://github.com/search?q=Single+disperser+design+for+coded+aperture+snapshot+spectral+imaging&type=repositories,search links generated; direct paper/code/dataset links not verified,,,"Wagadarikar, A., John, R., Willett, R., Brady, D., 2008. Single disperser design for coded aperture snapshot spectral imaging. Applied optics 47, B44–B51."
297,2025,Hypersigma: Hyperspectral intelligence comprehension foundation model,"Wang, D., Hu, M., Jin, Y., Miao, Y., Yang, J., Xu, Y., Qin, X., Ma, J., Sun, L., Li, C., et al.","IEEE TPAMI 47, 6427–6444",Foundation Model,https://arxiv.org/abs/2406.11519,,https://github.com/WHU-Sigma/HyperSIGMA,,,True,True,False,False,https://scholar.google.com/scholar?q=Hypersigma%3A+Hyperspectral+intelligence+comprehension+foundation+model+Wang+2025,https://www.semanticscholar.org/search?q=Hypersigma%3A+Hyperspectral+intelligence+comprehension+foundation+model+Wang+2025,https://paperswithcode.com/search?q=Hypersigma%3A+Hyperspectral+intelligence+comprehension+foundation+model,https://github.com/search?q=Hypersigma%3A+Hyperspectral+intelligence+comprehension+foundation+model&type=repositories,verified arXiv + code link,https://github.com/WHU-Sigma/HyperSIGMA,,"Wang, D., Hu, M., Jin, Y., Miao, Y., Yang, J., Xu, Y., Qin, X., Ma, J., Sun, L., Li, C., et al., 2025a. Hypersigma: Hyperspectral intelligence comprehension foundation model. IEEE TPAMI 47, 6427–6444."
298,2025,Bihot: A large-scale dataset and benchmark for hyperspectral camouflaged object tracking,"Wang, H., Li, W., Xia, X.G., Du, Q.",IEEE TNNLS ,Dataset,,,,,,False,False,False,False,https://scholar.google.com/scholar?q=Bihot%3A+A+large-scale+dataset+and+benchmark+for+hyperspectral+camouflaged+object+tracking+Wang+2025,https://www.semanticscholar.org/search?q=Bihot%3A+A+large-scale+dataset+and+benchmark+for+hyperspectral+camouflaged+object+tracking+Wang+2025,https://paperswithcode.com/search?q=Bihot%3A+A+large-scale+dataset+and+benchmark+for+hyperspectral+camouflaged+object+tracking,https://github.com/search?q=Bihot%3A+A+large-scale+dataset+and+benchmark+for+hyperspectral+camouflaged+object+tracking&type=repositories,search links generated; direct paper/code/dataset links not verified,,,"Wang, H., Li, W., Xia, X.G., Du, Q., 2025b. Bihot: A large-scale dataset and benchmark for hyperspectral camouflaged object tracking. IEEE TNNLS ."
299,2025,Deep adaptive unfolded network via spatial morphology stripping and spectral filtration for pan-sharpening,"Wang, H., Ma, J.","in: ICCV, pp. 10730–10740",Low-level: Super-resolution/Fusion,,,,,,False,False,False,False,https://scholar.google.com/scholar?q=Deep+adaptive+unfolded+network+via+spatial+morphology+stripping+and+spectral+filtration+for+pan-sharpening+Wang+2025,https://www.semanticscholar.org/search?q=Deep+adaptive+unfolded+network+via+spatial+morphology+stripping+and+spectral+filtration+for+pan-sharpening+Wang+2025,https://paperswithcode.com/search?q=Deep+adaptive+unfolded+network+via+spatial+morphology+stripping+and+spectral+filtration+for+pan-sharpening,https://github.com/search?q=Deep+adaptive+unfolded+network+via+spatial+morphology+stripping+and+spectral+filtration+for+pan-sharpening&type=repositories,search links generated; direct paper/code/dataset links not verified,,,"Wang, H., Ma, J., 2025. Deep adaptive unfolded network via spatial morphology stripping and spectral filtration for pan-sharpening, in: ICCV, pp. 10730–10740."
300,2025,S 2-transformer for mask-aware hyperspectral image reconstruction,"Wang, J., Li, K., Zhang, Y., Yuan, X., Tao, Z.","IEEE TPAMI 47, 4299–4316",Low-level: Reconstruction,,,,,,False,False,False,False,https://scholar.google.com/scholar?q=S+2-transformer+for+mask-aware+hyperspectral+image+reconstruction+Wang+2025,https://www.semanticscholar.org/search?q=S+2-transformer+for+mask-aware+hyperspectral+image+reconstruction+Wang+2025,https://paperswithcode.com/search?q=S+2-transformer+for+mask-aware+hyperspectral+image+reconstruction,https://github.com/search?q=S+2-transformer+for+mask-aware+hyperspectral+image+reconstruction&type=repositories,search links generated; direct paper/code/dataset links not verified,,,"Wang, J., Li, K., Zhang, Y., Yuan, X., Tao, Z., 2025c. S 2-transformer for mask-aware hyperspectral image reconstruction. IEEE TPAMI 47, 4299–4316."
301,2022,Modeling mask uncertainty in hyperspectral image reconstruction,"Wang, J., Zhang, Y., Yuan, X., Meng, Z., Tao, Z.","in: ECCV, Springer. pp. 112–129",Low-level: Reconstruction,,,,,,False,False,False,False,https://scholar.google.com/scholar?q=Modeling+mask+uncertainty+in+hyperspectral+image+reconstruction+Wang+2022,https://www.semanticscholar.org/search?q=Modeling+mask+uncertainty+in+hyperspectral+image+reconstruction+Wang+2022,https://paperswithcode.com/search?q=Modeling+mask+uncertainty+in+hyperspectral+image+reconstruction,https://github.com/search?q=Modeling+mask+uncertainty+in+hyperspectral+image+reconstruction&type=repositories,search links generated; direct paper/code/dataset links not verified,,,"Wang, J., Zhang, Y., Yuan, X., Meng, Z., Tao, Z., 2022a. Modeling mask uncertainty in hyperspectral image reconstruction, in: ECCV, Springer. pp. 112–129."
302,2023,Hyperspectral image super-resolution via knowledge-driven deep unrolling and transformer embedded convolutional recurrent neural network,"Wang, K., Liao, X., Li, J., Meng, D., Wang, Y.","IEEE TIP 32, 4581–4594",Low-level: Super-resolution/Fusion,,,,,,False,False,False,False,https://scholar.google.com/scholar?q=Hyperspectral+image+super-resolution+via+knowledge-driven+deep+unrolling+and+transformer+embedded+convolutional+recurrent+neural+network+Wang+2023,https://www.semanticscholar.org/search?q=Hyperspectral+image+super-resolution+via+knowledge-driven+deep+unrolling+and+transformer+embedded+convolutional+recurrent+neural+network+Wang+2023,https://paperswithcode.com/search?q=Hyperspectral+image+super-resolution+via+knowledge-driven+deep+unrolling+and+transformer+embedded+convolutional+recurrent+neural+network,https://github.com/search?q=Hyperspectral+image+super-resolution+via+knowledge-driven+deep+unrolling+and+transformer+embedded+convolutional+recurrent+neural+network&type=repositories,search links generated; direct paper/code/dataset links not verified,,,"Wang, K., Liao, X., Li, J., Meng, D., Wang, Y., 2023a. Hyperspectral image super-resolution via knowledge-driven deep unrolling and transformer embedded convolutional recurrent neural network. IEEE TIP 32, 4581–4594."
303,2019,Hyperspectral image reconstruction using a deep spatial-spectral prior,"Wang, L., Sun, C., Fu, Y., Kim, M.H., Huang, H.","in: CVPR, pp. 8032–8041",Low-level: Reconstruction,,,,,,False,False,False,False,https://scholar.google.com/scholar?q=Hyperspectral+image+reconstruction+using+a+deep+spatial-spectral+prior+Wang+2019,https://www.semanticscholar.org/search?q=Hyperspectral+image+reconstruction+using+a+deep+spatial-spectral+prior+Wang+2019,https://paperswithcode.com/search?q=Hyperspectral+image+reconstruction+using+a+deep+spatial-spectral+prior,https://github.com/search?q=Hyperspectral+image+reconstruction+using+a+deep+spatial-spectral+prior&type=repositories,search links generated; direct paper/code/dataset links not verified,,,"Wang, L., Sun, C., Fu, Y., Kim, M.H., Huang, H., 2019. Hyperspectral image reconstruction using a deep spatial-spectral prior, in: CVPR, pp. 8032–8041."
304,2021,Adaptive dimension-discriminative low-rank tensor recovery for computational hyperspectral imaging,"Wang, L., Zhang, S., Huang, H.","IJCV 129, 2907–2926",Low-level: Reconstruction,,,,,,False,False,False,False,https://scholar.google.com/scholar?q=Adaptive+dimension-discriminative+low-rank+tensor+recovery+for+computational+hyperspectral+imaging+Wang+2021,https://www.semanticscholar.org/search?q=Adaptive+dimension-discriminative+low-rank+tensor+recovery+for+computational+hyperspectral+imaging+Wang+2021,https://paperswithcode.com/search?q=Adaptive+dimension-discriminative+low-rank+tensor+recovery+for+computational+hyperspectral+imaging,https://github.com/search?q=Adaptive+dimension-discriminative+low-rank+tensor+recovery+for+computational+hyperspectral+imaging&type=repositories,search links generated; direct paper/code/dataset links not verified,,,"Wang, L., Zhang, S., Huang, H., 2021a. Adaptive dimension-discriminative low-rank tensor recovery for computational hyperspectral imaging. IJCV 129, 2907–2926."
305,2018,Hyperreconnet: Joint coded aperture optimization and image reconstruction for compressive hyperspectral imaging,"Wang, L., Zhang, T., Fu, Y., Huang, H.","IEEE TIP 28, 2257–2270",Low-level: Reconstruction,,,,,,False,False,False,False,https://scholar.google.com/scholar?q=Hyperreconnet%3A+Joint+coded+aperture+optimization+and+image+reconstruction+for+compressive+hyperspectral+imaging+Wang+2018,https://www.semanticscholar.org/search?q=Hyperreconnet%3A+Joint+coded+aperture+optimization+and+image+reconstruction+for+compressive+hyperspectral+imaging+Wang+2018,https://paperswithcode.com/search?q=Hyperreconnet%3A+Joint+coded+aperture+optimization+and+image+reconstruction+for+compressive+hyperspectral+imaging,https://github.com/search?q=Hyperreconnet%3A+Joint+coded+aperture+optimization+and+image+reconstruction+for+compressive+hyperspectral+imaging&type=repositories,search links generated; direct paper/code/dataset links not verified,,,"Wang, L., Zhang, T., Fu, Y., Huang, H., 2018. Hyperreconnet: Joint coded aperture optimization and image reconstruction for compressive hyperspectral imaging. IEEE TIP 28, 2257–2270."
306,2025,Hyperspectral and multispectral image fusion with arbitrary resolution through self-supervised representations: T,"Wang, T., Yan, Z., Li, J., Zhao, X., Wang, C., Ng, M.","wang et al. IJCV 133, 7515–7535",Low-level: Super-resolution/Fusion,,,,,,False,False,False,False,https://scholar.google.com/scholar?q=Hyperspectral+and+multispectral+image+fusion+with+arbitrary+resolution+through+self-supervised+representations%3A+T+Wang+2025,https://www.semanticscholar.org/search?q=Hyperspectral+and+multispectral+image+fusion+with+arbitrary+resolution+through+self-supervised+representations%3A+T+Wang+2025,https://paperswithcode.com/search?q=Hyperspectral+and+multispectral+image+fusion+with+arbitrary+resolution+through+self-supervised+representations%3A+T,https://github.com/search?q=Hyperspectral+and+multispectral+image+fusion+with+arbitrary+resolution+through+self-supervised+representations%3A+T&type=repositories,search links generated; direct paper/code/dataset links not verified,,,"Wang, T., Yan, Z., Li, J., Zhao, X., Wang, C., Ng, M., 2025d. Hyperspectral and multispectral image fusion with arbitrary resolution through self-supervised representations: T. wang et al. IJCV 133, 7515–7535."
307,2024,A general paradigm with detail-preserving conditional invertible network for image fusion,"Wang, W., Deng, L.J., Ran, R., Vivone, G.","IJCV 132, 1029–1054",Dataset,,,,,,False,False,False,False,https://scholar.google.com/scholar?q=A+general+paradigm+with+detail-preserving+conditional+invertible+network+for+image+fusion+Wang+2024,https://www.semanticscholar.org/search?q=A+general+paradigm+with+detail-preserving+conditional+invertible+network+for+image+fusion+Wang+2024,https://paperswithcode.com/search?q=A+general+paradigm+with+detail-preserving+conditional+invertible+network+for+image+fusion,https://github.com/search?q=A+general+paradigm+with+detail-preserving+conditional+invertible+network+for+image+fusion&type=repositories,search links generated; direct paper/code/dataset links not verified,,,"Wang, W., Deng, L.J., Ran, R., Vivone, G., 2024. A general paradigm with detail-preserving conditional invertible network for image fusion. IJCV 132, 1029–1054."
308,2022,Group shuffle and spectral-spatial fusion for hyperspectral image super-resolution,"Wang, X., Cheng, Y., Mei, X., Jiang, J., Ma, J.","IEEE TCI 8, 1223–1236",Low-level: Super-resolution/Fusion,,,,,,False,False,False,False,https://scholar.google.com/scholar?q=Group+shuffle+and+spectral-spatial+fusion+for+hyperspectral+image+super-resolution+Wang+2022,https://www.semanticscholar.org/search?q=Group+shuffle+and+spectral-spatial+fusion+for+hyperspectral+image+super-resolution+Wang+2022,https://paperswithcode.com/search?q=Group+shuffle+and+spectral-spatial+fusion+for+hyperspectral+image+super-resolution,https://github.com/search?q=Group+shuffle+and+spectral-spatial+fusion+for+hyperspectral+image+super-resolution&type=repositories,search links generated; direct paper/code/dataset links not verified,,,"Wang, X., Cheng, Y., Mei, X., Jiang, J., Ma, J., 2022b. Group shuffle and spectral-spatial fusion for hyperspectral image super-resolution. IEEE TCI 8, 1223–1236."
309,2023,Group shuffle and spectral-spatial fusion for hyperspectral image super-resolution,"Wang, X., Cheng, Y., Mei, X., Jiang, J., Ma, J.","IEEE TCI 8, 1223–1236",Low-level: Super-resolution/Fusion,,,,,,False,False,False,False,https://scholar.google.com/scholar?q=Group+shuffle+and+spectral-spatial+fusion+for+hyperspectral+image+super-resolution+Wang+2023,https://www.semanticscholar.org/search?q=Group+shuffle+and+spectral-spatial+fusion+for+hyperspectral+image+super-resolution+Wang+2023,https://paperswithcode.com/search?q=Group+shuffle+and+spectral-spatial+fusion+for+hyperspectral+image+super-resolution,https://github.com/search?q=Group+shuffle+and+spectral-spatial+fusion+for+hyperspectral+image+super-resolution&type=repositories,search links generated; direct paper/code/dataset links not verified,,,"Wang, X., Cheng, Y., Mei, X., Jiang, J., Ma, J., 2023b. Group shuffle and spectral-spatial fusion for hyperspectral image super-resolution. IEEE TCI 8, 1223–1236."
310,2025,Spectral compressive imaging via chromaticity-intensity decomposition,"Wang, X., He, Z., Wang, P., Wang, L., Hu, Y., Yuan, X.",arXiv preprint arXiv:2509.16690 ,Other / Background,https://arxiv.org/abs/2509.16690,,,,2509.16690,True,False,False,False,https://scholar.google.com/scholar?q=Spectral+compressive+imaging+via+chromaticity-intensity+decomposition+Wang+2025,https://www.semanticscholar.org/search?q=Spectral+compressive+imaging+via+chromaticity-intensity+decomposition+Wang+2025,https://paperswithcode.com/search?q=Spectral+compressive+imaging+via+chromaticity-intensity+decomposition,https://github.com/search?q=Spectral+compressive+imaging+via+chromaticity-intensity+decomposition&type=repositories,arXiv URL parsed from reference; other direct links not verified,,,"Wang, X., He, Z., Wang, P., Wang, L., Hu, Y., Yuan, X., 2025e. Spectral compressive imaging via chromaticity-intensity decomposition. arXiv preprint arXiv:2509.16690 ."
311,2023,Hyperspectral image super-resolution meets deep learning: A survey and perspective,"Wang, X., Hu, Q., Cheng, Y., Ma, J.","IEEE/CAA Journal of Automatica Sinica 10, 1668–1691",Low-level: Super-resolution/Fusion,,,,,,False,False,False,False,https://scholar.google.com/scholar?q=Hyperspectral+image+super-resolution+meets+deep+learning%3A+A+survey+and+perspective+Wang+2023,https://www.semanticscholar.org/search?q=Hyperspectral+image+super-resolution+meets+deep+learning%3A+A+survey+and+perspective+Wang+2023,https://paperswithcode.com/search?q=Hyperspectral+image+super-resolution+meets+deep+learning%3A+A+survey+and+perspective,https://github.com/search?q=Hyperspectral+image+super-resolution+meets+deep+learning%3A+A+survey+and+perspective&type=repositories,search links generated; direct paper/code/dataset links not verified,,,"Wang, X., Hu, Q., Cheng, Y., Ma, J., 2023c. Hyperspectral image super-resolution meets deep learning: A survey and perspective. IEEE/CAA Journal of Automatica Sinica 10, 1668–1691."
312,2021,Hyperspectral image super-resolution via recurrent feedback embedding and spatial–spectral consistency regularization,"Wang, X., Ma, J., Jiang, J.","IEEE TGRS 60, 1–13",Low-level: Super-resolution/Fusion,,,,,,False,False,False,False,https://scholar.google.com/scholar?q=Hyperspectral+image+super-resolution+via+recurrent+feedback+embedding+and+spatial%E2%80%93spectral+consistency+regularization+Wang+2021,https://www.semanticscholar.org/search?q=Hyperspectral+image+super-resolution+via+recurrent+feedback+embedding+and+spatial%E2%80%93spectral+consistency+regularization+Wang+2021,https://paperswithcode.com/search?q=Hyperspectral+image+super-resolution+via+recurrent+feedback+embedding+and+spatial%E2%80%93spectral+consistency+regularization,https://github.com/search?q=Hyperspectral+image+super-resolution+via+recurrent+feedback+embedding+and+spatial%E2%80%93spectral+consistency+regularization&type=repositories,search links generated; direct paper/code/dataset links not verified,,,"Wang, X., Ma, J., Jiang, J., 2021b. Hyperspectral image super-resolution via recurrent feedback embedding and spatial–spectral consistency regularization. IEEE TGRS 60, 1–13."
313,2025,A generalized tensor formulation for hyperspectral image super-resolution under general spatial blurring,"Wang, Y., Li, W., Gui, Y., Du, Q., Fowler, J.E.","IEEE TPAMI 47, 4684–4698",Low-level: Super-resolution/Fusion,,,,,,False,False,False,False,https://scholar.google.com/scholar?q=A+generalized+tensor+formulation+for+hyperspectral+image+super-resolution+under+general+spatial+blurring+Wang+2025,https://www.semanticscholar.org/search?q=A+generalized+tensor+formulation+for+hyperspectral+image+super-resolution+under+general+spatial+blurring+Wang+2025,https://paperswithcode.com/search?q=A+generalized+tensor+formulation+for+hyperspectral+image+super-resolution+under+general+spatial+blurring,https://github.com/search?q=A+generalized+tensor+formulation+for+hyperspectral+image+super-resolution+under+general+spatial+blurring&type=repositories,search links generated; direct paper/code/dataset links not verified,,,"Wang, Y., Li, W., Gui, Y., Du, Q., Fowler, J.E., 2025f. A generalized tensor formulation for hyperspectral image super-resolution under general spatial blurring. IEEE TPAMI 47, 4684–4698."
314,2025,S 4 r: Separated self-supervised spectral regression for hyperspectral histopathology image diagnosis,"Wang, Y., Xie, X., Gao, L., Zhang, B., Zhou, C., Zou, D., Lu, L., Li, Q.",IEEE TIP ,Other / Background,,,,,,False,False,False,False,https://scholar.google.com/scholar?q=S+4+r%3A+Separated+self-supervised+spectral+regression+for+hyperspectral+histopathology+image+diagnosis+Wang+2025,https://www.semanticscholar.org/search?q=S+4+r%3A+Separated+self-supervised+spectral+regression+for+hyperspectral+histopathology+image+diagnosis+Wang+2025,https://paperswithcode.com/search?q=S+4+r%3A+Separated+self-supervised+spectral+regression+for+hyperspectral+histopathology+image+diagnosis,https://github.com/search?q=S+4+r%3A+Separated+self-supervised+spectral+regression+for+hyperspectral+histopathology+image+diagnosis&type=repositories,search links generated; direct paper/code/dataset links not verified,,,"Wang, Y., Xie, X., Gao, L., Zhang, B., Zhou, C., Zou, D., Lu, L., Li, Q., 2025g. S 4 r: Separated self-supervised spectral regression for hyperspectral histopathology image diagnosis. IEEE TIP ."
315,2020,Fusionnet: An unsupervised convolutional variational network for hyperspectral and multispectral image fusion,"Wang, Z., Chen, B., Lu, R., Zhang, H., Liu, H., Varshney, P.K.","IEEE TIP 29, 7565–7577",Low-level: Super-resolution/Fusion,,,,,,False,False,False,False,https://scholar.google.com/scholar?q=Fusionnet%3A+An+unsupervised+convolutional+variational+network+for+hyperspectral+and+multispectral+image+fusion+Wang+2020,https://www.semanticscholar.org/search?q=Fusionnet%3A+An+unsupervised+convolutional+variational+network+for+hyperspectral+and+multispectral+image+fusion+Wang+2020,https://paperswithcode.com/search?q=Fusionnet%3A+An+unsupervised+convolutional+variational+network+for+hyperspectral+and+multispectral+image+fusion,https://github.com/search?q=Fusionnet%3A+An+unsupervised+convolutional+variational+network+for+hyperspectral+and+multispectral+image+fusion&type=repositories,search links generated; direct paper/code/dataset links not verified,,,"Wang, Z., Chen, B., Lu, R., Zhang, H., Liu, H., Varshney, P.K., 2020. Fusionnet: An unsupervised convolutional variational network for hyperspectral and multispectral image fusion. IEEE TIP 29, 7565–7577."
316,2022,Uformer: A general u-shaped transformer for image restoration,"Wang, Z., Cun, X., Bao, J., Zhou, W., Liu, J., Li, H.","in: CVPR, pp. 17683–17693",Low-level: Denoising/Restoration,,,,,,False,False,False,False,https://scholar.google.com/scholar?q=Uformer%3A+A+general+u-shaped+transformer+for+image+restoration+Wang+2022,https://www.semanticscholar.org/search?q=Uformer%3A+A+general+u-shaped+transformer+for+image+restoration+Wang+2022,https://paperswithcode.com/search?q=Uformer%3A+A+general+u-shaped+transformer+for+image+restoration,https://github.com/search?q=Uformer%3A+A+general+u-shaped+transformer+for+image+restoration&type=repositories,search links generated; direct paper/code/dataset links not verified,,,"Wang, Z., Cun, X., Bao, J., Zhou, W., Liu, J., Li, H., 2022c. Uformer: A general u-shaped transformer for image restoration, in: CVPR, pp. 17683–17693."
317,2020,3-d quasi-recurrent neural network for hyperspectral image denoising,"Wei, K., Fu, Y., Huang, H.","IEEE TNNLS 32, 363–375",Low-level: Denoising/Restoration,,,,,,False,False,False,False,https://scholar.google.com/scholar?q=3-d+quasi-recurrent+neural+network+for+hyperspectral+image+denoising+Wei+2020,https://www.semanticscholar.org/search?q=3-d+quasi-recurrent+neural+network+for+hyperspectral+image+denoising+Wei+2020,https://paperswithcode.com/search?q=3-d+quasi-recurrent+neural+network+for+hyperspectral+image+denoising,https://github.com/search?q=3-d+quasi-recurrent+neural+network+for+hyperspectral+image+denoising&type=repositories,search links generated; direct paper/code/dataset links not verified,,,"Wei, K., Fu, Y., Huang, H., 2020. 3-d quasi-recurrent neural network for hyperspectral image denoising. IEEE TNNLS 32, 363–375."
318,2023,Hsr-diff: Hyperspectral image super-resolution via conditional diffusion models,"Wu, C., Wang, D., Bai, Y., Mao, H., Li, Y., Shen, Q.","in: ICCV, pp. 7083–7093",Low-level: Super-resolution/Fusion,,,,,,False,False,False,False,https://scholar.google.com/scholar?q=Hsr-diff%3A+Hyperspectral+image+super-resolution+via+conditional+diffusion+models+Wu+2023,https://www.semanticscholar.org/search?q=Hsr-diff%3A+Hyperspectral+image+super-resolution+via+conditional+diffusion+models+Wu+2023,https://paperswithcode.com/search?q=Hsr-diff%3A+Hyperspectral+image+super-resolution+via+conditional+diffusion+models,https://github.com/search?q=Hsr-diff%3A+Hyperspectral+image+super-resolution+via+conditional+diffusion+models&type=repositories,search links generated; direct paper/code/dataset links not verified,,,"Wu, C., Wang, D., Bai, Y., Mao, H., Li, Y., Shen, Q., 2023. Hsr-diff: Hyperspectral image super-resolution via conditional diffusion models, in: ICCV, pp. 7083–7093."
319,2024,Inf 3: Implicit neural feature fusion function for multispectral and hyperspectral image fusion,"Wu, R.C., Deng, S., Ran, R., Dou, H.X., Deng, L.J.","IEEE TCI 10, 1547–1558",Low-level: Super-resolution/Fusion,,,,,,False,False,False,False,https://scholar.google.com/scholar?q=Inf+3%3A+Implicit+neural+feature+fusion+function+for+multispectral+and+hyperspectral+image+fusion+Wu+2024,https://www.semanticscholar.org/search?q=Inf+3%3A+Implicit+neural+feature+fusion+function+for+multispectral+and+hyperspectral+image+fusion+Wu+2024,https://paperswithcode.com/search?q=Inf+3%3A+Implicit+neural+feature+fusion+function+for+multispectral+and+hyperspectral+image+fusion,https://github.com/search?q=Inf+3%3A+Implicit+neural+feature+fusion+function+for+multispectral+and+hyperspectral+image+fusion&type=repositories,search links generated; direct paper/code/dataset links not verified,,,"Wu, R.C., Deng, S., Ran, R., Dou, H.X., Deng, L.J., 2024. Inf 3: Implicit neural feature fusion function for multispectral and hyperspectral image fusion. IEEE TCI 10, 1547–1558."
320,2025,Fully-connected transformer for multi-source image fusion,"Wu, X., Cao, Z.H., Huang, T.Z., Deng, L.J., Chanussot, J., Vivone, G.","IEEE TPAMI 47, 2071–2088",Low-level: Super-resolution/Fusion,,,,,,False,False,False,False,https://scholar.google.com/scholar?q=Fully-connected+transformer+for+multi-source+image+fusion+Wu+2025,https://www.semanticscholar.org/search?q=Fully-connected+transformer+for+multi-source+image+fusion+Wu+2025,https://paperswithcode.com/search?q=Fully-connected+transformer+for+multi-source+image+fusion,https://github.com/search?q=Fully-connected+transformer+for+multi-source+image+fusion&type=repositories,search links generated; direct paper/code/dataset links not verified,,,"Wu, X., Cao, Z.H., Huang, T.Z., Deng, L.J., Chanussot, J., Vivone, G., 2025a. Fully-connected transformer for multi-source image fusion. IEEE TPAMI 47, 2071–2088."
321,2025,Mp-hsir: A multi-prompt framework for universal hyperspectral image restoration,"Wu, Z., Chen, Y., Yokoya, N., He, W.","in: ICCV, pp. 13009–13020",Low-level: Denoising/Restoration,,,,,,False,False,False,False,https://scholar.google.com/scholar?q=Mp-hsir%3A+A+multi-prompt+framework+for+universal+hyperspectral+image+restoration+Wu+2025,https://www.semanticscholar.org/search?q=Mp-hsir%3A+A+multi-prompt+framework+for+universal+hyperspectral+image+restoration+Wu+2025,https://paperswithcode.com/search?q=Mp-hsir%3A+A+multi-prompt+framework+for+universal+hyperspectral+image+restoration,https://github.com/search?q=Mp-hsir%3A+A+multi-prompt+framework+for+universal+hyperspectral+image+restoration&type=repositories,search links generated; direct paper/code/dataset links not verified,,,"Wu, Z., Chen, Y., Yokoya, N., He, W., 2025b. Mp-hsir: A multi-prompt framework for universal hyperspectral image restoration, in: ICCV, pp. 13009–13020."
322,2025,Hypertafor: Task-adaptive few-shot open-set recognition with spatial-spectral selective transformer for hyperspectral imagery,"Xi, B., Zhang, W., Li, J., Song, R., Li, Y.","IEEE TIP 34, 4148–4160",Other / Background,,,,,,False,False,False,False,https://scholar.google.com/scholar?q=Hypertafor%3A+Task-adaptive+few-shot+open-set+recognition+with+spatial-spectral+selective+transformer+for+hyperspectral+imagery+Xi+2025,https://www.semanticscholar.org/search?q=Hypertafor%3A+Task-adaptive+few-shot+open-set+recognition+with+spatial-spectral+selective+transformer+for+hyperspectral+imagery+Xi+2025,https://paperswithcode.com/search?q=Hypertafor%3A+Task-adaptive+few-shot+open-set+recognition+with+spatial-spectral+selective+transformer+for+hyperspectral+imagery,https://github.com/search?q=Hypertafor%3A+Task-adaptive+few-shot+open-set+recognition+with+spatial-spectral+selective+transformer+for+hyperspectral+imagery&type=repositories,search links generated; direct paper/code/dataset links not verified,,,"Xi, B., Zhang, W., Li, J., Song, R., Li, Y., 2025. Hypertafor: Task-adaptive few-shot open-set recognition with spatial-spectral selective transformer for hyperspectral imagery. IEEE TIP 34, 4148–4160."
323,2023,Hsifoodingr-64: A dataset for hyperspectral food-related studies and a benchmark method on food ingredient retrieval,"Xia, X., Liu, W., Wang, L., Sun, J.","IEEE Access 11, 13152–13162",Dataset,,,,,,False,False,False,False,https://scholar.google.com/scholar?q=Hsifoodingr-64%3A+A+dataset+for+hyperspectral+food-related+studies+and+a+benchmark+method+on+food+ingredient+retrieval+Xia+2023,https://www.semanticscholar.org/search?q=Hsifoodingr-64%3A+A+dataset+for+hyperspectral+food-related+studies+and+a+benchmark+method+on+food+ingredient+retrieval+Xia+2023,https://paperswithcode.com/search?q=Hsifoodingr-64%3A+A+dataset+for+hyperspectral+food-related+studies+and+a+benchmark+method+on+food+ingredient+retrieval,https://github.com/search?q=Hsifoodingr-64%3A+A+dataset+for+hyperspectral+food-related+studies+and+a+benchmark+method+on+food+ingredient+retrieval&type=repositories,search links generated; direct paper/code/dataset links not verified,,,"Xia, X., Liu, W., Wang, L., Sun, J., 2023. Hsifoodingr-64: A dataset for hyperspectral food-related studies and a benchmark method on food ingredient retrieval. IEEE Access 11, 13152–13162."
324,2024,Region-aware sequence-to-sequence learning for hyperspectral denoising,"Xiao, J., Liu, Y., Wei, X.","in: ECCV, Springer. pp. 218–235",Low-level: Denoising/Restoration,,,,,,False,False,False,False,https://scholar.google.com/scholar?q=Region-aware+sequence-to-sequence+learning+for+hyperspectral+denoising+Xiao+2024,https://www.semanticscholar.org/search?q=Region-aware+sequence-to-sequence+learning+for+hyperspectral+denoising+Xiao+2024,https://paperswithcode.com/search?q=Region-aware+sequence-to-sequence+learning+for+hyperspectral+denoising,https://github.com/search?q=Region-aware+sequence-to-sequence+learning+for+hyperspectral+denoising&type=repositories,search links generated; direct paper/code/dataset links not verified,,,"Xiao, J., Liu, Y., Wei, X., 2024. Region-aware sequence-to-sequence learning for hyperspectral denoising, in: ECCV, Springer. pp. 218–235."
325,2026,Mamba guide hyperspectral images reconstruction and defocus map estimation,"Xie, H., Zhang, M., Yang, M., Jiao, Q., Xu, L., Li, H., Tan, X.",IEEE Journal of Selected Topics in Applied Earth Observations and Remote Sensing ,Low-level: Reconstruction,,,,,,False,False,False,False,https://scholar.google.com/scholar?q=Mamba+guide+hyperspectral+images+reconstruction+and+defocus+map+estimation+Xie+2026,https://www.semanticscholar.org/search?q=Mamba+guide+hyperspectral+images+reconstruction+and+defocus+map+estimation+Xie+2026,https://paperswithcode.com/search?q=Mamba+guide+hyperspectral+images+reconstruction+and+defocus+map+estimation,https://github.com/search?q=Mamba+guide+hyperspectral+images+reconstruction+and+defocus+map+estimation&type=repositories,search links generated; direct paper/code/dataset links not verified,,,"Xie, H., Zhang, M., Yang, M., Jiao, Q., Xu, L., Li, H., Tan, X., 2026. Mamba guide hyperspectral images reconstruction and defocus map estimation. IEEE Journal of Selected Topics in Applied Earth Observations and Remote Sensing ."
326,2020,Mhf-net: An interpretable deep network for multispectral and hyperspectral image fusion,"Xie, Q., Zhou, M., Zhao, Q., Xu, Z., Meng, D.","IEEE TPAMI 44, 1457–1473",Low-level: Super-resolution/Fusion,https://openaccess.thecvf.com/content_CVPR_2019/papers/Xie_Multispectral_and_Hyperspectral_Image_Fusion_by_MSHS_Fusion_Net_CVPR_2019_paper.pdf,,https://github.com/XieQi2015/MHF-net,,,True,True,False,False,https://scholar.google.com/scholar?q=Mhf-net%3A+An+interpretable+deep+network+for+multispectral+and+hyperspectral+image+fusion+Xie+2020,https://www.semanticscholar.org/search?q=Mhf-net%3A+An+interpretable+deep+network+for+multispectral+and+hyperspectral+image+fusion+Xie+2020,https://paperswithcode.com/search?q=Mhf-net%3A+An+interpretable+deep+network+for+multispectral+and+hyperspectral+image+fusion,https://github.com/search?q=Mhf-net%3A+An+interpretable+deep+network+for+multispectral+and+hyperspectral+image+fusion&type=repositories,verified code link,https://github.com/XieQi2015/MHF-net,,"Xie, Q., Zhou, M., Zhao, Q., Xu, Z., Meng, D., 2020a. Mhf-net: An interpretable deep network for multispectral and hyperspectral image fusion. IEEE TPAMI 44, 1457–1473."
327,2023,Plug-and-play priors for multi-shot compressive hyperspectral imaging,"Xie, T., Liu, L., Zhuang, L.","IEEE TIP 32, 5326–5339",Other / Background,,,,,,False,False,False,False,https://scholar.google.com/scholar?q=Plug-and-play+priors+for+multi-shot+compressive+hyperspectral+imaging+Xie+2023,https://www.semanticscholar.org/search?q=Plug-and-play+priors+for+multi-shot+compressive+hyperspectral+imaging+Xie+2023,https://paperswithcode.com/search?q=Plug-and-play+priors+for+multi-shot+compressive+hyperspectral+imaging,https://github.com/search?q=Plug-and-play+priors+for+multi-shot+compressive+hyperspectral+imaging&type=repositories,search links generated; direct paper/code/dataset links not verified,,,"Xie, T., Liu, L., Zhuang, L., 2023. Plug-and-play priors for multi-shot compressive hyperspectral imaging. IEEE TIP 32, 5326–5339."
328,2020,Hpgan: Hyperspectral pansharpening using 3-d generative adversarial networks,"Xie, W., Cui, Y., Li, Y., Lei, J., Du, Q., Li, J.","IEEE TGRS 59, 463–477",Low-level: Super-resolution/Fusion,,,,,,False,False,False,False,https://scholar.google.com/scholar?q=Hpgan%3A+Hyperspectral+pansharpening+using+3-d+generative+adversarial+networks+Xie+2020,https://www.semanticscholar.org/search?q=Hpgan%3A+Hyperspectral+pansharpening+using+3-d+generative+adversarial+networks+Xie+2020,https://paperswithcode.com/search?q=Hpgan%3A+Hyperspectral+pansharpening+using+3-d+generative+adversarial+networks,https://github.com/search?q=Hpgan%3A+Hyperspectral+pansharpening+using+3-d+generative+adversarial+networks&type=repositories,search links generated; direct paper/code/dataset links not verified,,,"Xie, W., Cui, Y., Li, Y., Lei, J., Du, Q., Li, J., 2020b. Hpgan: Hyperspectral pansharpening using 3-d generative adversarial networks. IEEE TGRS 59, 463–477."
329,2019,Dynamic material-aware object tracking in hyperspectral videos,"Xiong, F., Zhou, J., Chanussot, J., Qian, Y.","in: 2019 10th Workshop on Hyperspectral Imaging and Signal Processing: Evolution in Remote Sensing (WHISPERS), IEEE. pp. 1–6",High-level: Segmentation/Detection/Tracking,,,,,,False,False,False,False,https://scholar.google.com/scholar?q=Dynamic+material-aware+object+tracking+in+hyperspectral+videos+Xiong+2019,https://www.semanticscholar.org/search?q=Dynamic+material-aware+object+tracking+in+hyperspectral+videos+Xiong+2019,https://paperswithcode.com/search?q=Dynamic+material-aware+object+tracking+in+hyperspectral+videos,https://github.com/search?q=Dynamic+material-aware+object+tracking+in+hyperspectral+videos&type=repositories,search links generated; direct paper/code/dataset links not verified,,,"Xiong, F., Zhou, J., Chanussot, J., Qian, Y., 2019. Dynamic material-aware object tracking in hyperspectral videos, in: 2019 10th Workshop on Hyperspectral Imaging and Signal Processing: Evolution in Remote Sensing (WHISPERS), IEEE. pp. 1–6."
330,2020,Material based object tracking in hyperspectral videos,"Xiong, F., Zhou, J., Qian, Y.","IEEE TIP 29, 3719–3733",High-level: Segmentation/Detection/Tracking,,https://www.hsitracking.com/hot2020/,,https://www.hsitracking.com/hot2020/,,False,False,True,True,https://scholar.google.com/scholar?q=Material+based+object+tracking+in+hyperspectral+videos+Xiong+2020,https://www.semanticscholar.org/search?q=Material+based+object+tracking+in+hyperspectral+videos+Xiong+2020,https://paperswithcode.com/search?q=Material+based+object+tracking+in+hyperspectral+videos,https://github.com/search?q=Material+based+object+tracking+in+hyperspectral+videos&type=repositories,verified HOTC dataset/evaluation link,https://www.hsitracking.com/hot2020/,,"Xiong, F., Zhou, J., Qian, Y., 2020. Material based object tracking in hyperspectral videos. IEEE TIP 29, 3719–3733."
331,2022,Smds-net: Model guided spectral-spatial network for hyperspectral image denoising,"Xiong, F., Zhou, J., Tao, S., Lu, J., Zhou, J., Qian, Y.","IEEE TIP 31, 5469–5483",Low-level: Denoising/Restoration,,,,,,False,False,False,False,https://scholar.google.com/scholar?q=Smds-net%3A+Model+guided+spectral-spatial+network+for+hyperspectral+image+denoising+Xiong+2022,https://www.semanticscholar.org/search?q=Smds-net%3A+Model+guided+spectral-spatial+network+for+hyperspectral+image+denoising+Xiong+2022,https://paperswithcode.com/search?q=Smds-net%3A+Model+guided+spectral-spatial+network+for+hyperspectral+image+denoising,https://github.com/search?q=Smds-net%3A+Model+guided+spectral-spatial+network+for+hyperspectral+image+denoising&type=repositories,search links generated; direct paper/code/dataset links not verified,,,"Xiong, F., Zhou, J., Tao, S., Lu, J., Zhou, J., Qian, Y., 2022. Smds-net: Model guided spectral-spatial network for hyperspectral image denoising. IEEE TIP 31, 5469–5483."
332,2024,A multi-stage progressive network for hyperspectral image demosaicing and denoising,"Xiong, Z., Li, W., Wang, H., Zhang, B., Fowler, J.E.",IEEE TCI ,Low-level: Denoising/Restoration,,,,,,False,False,False,False,https://scholar.google.com/scholar?q=A+multi-stage+progressive+network+for+hyperspectral+image+demosaicing+and+denoising+Xiong+2024,https://www.semanticscholar.org/search?q=A+multi-stage+progressive+network+for+hyperspectral+image+demosaicing+and+denoising+Xiong+2024,https://paperswithcode.com/search?q=A+multi-stage+progressive+network+for+hyperspectral+image+demosaicing+and+denoising,https://github.com/search?q=A+multi-stage+progressive+network+for+hyperspectral+image+demosaicing+and+denoising&type=repositories,search links generated; direct paper/code/dataset links not verified,,,"Xiong, Z., Li, W., Wang, H., Zhang, B., Fowler, J.E., 2024. A multi-stage progressive network for hyperspectral image demosaicing and denoising. IEEE TCI ."
333,2023,Spatially varying prior learning for blind hyperspectral image fusion,"Xu, J., Wu, F., Li, X., Dong, W., Huang, T., Shi, G.","IEEE TIP 32, 4416–4431",Low-level: Super-resolution/Fusion,,,,,,False,False,False,False,https://scholar.google.com/scholar?q=Spatially+varying+prior+learning+for+blind+hyperspectral+image+fusion+Xu+2023,https://www.semanticscholar.org/search?q=Spatially+varying+prior+learning+for+blind+hyperspectral+image+fusion+Xu+2023,https://paperswithcode.com/search?q=Spatially+varying+prior+learning+for+blind+hyperspectral+image+fusion,https://github.com/search?q=Spatially+varying+prior+learning+for+blind+hyperspectral+image+fusion&type=repositories,search links generated; direct paper/code/dataset links not verified,,,"Xu, J., Wu, F., Li, X., Dong, W., Huang, T., Shi, G., 2023. Spatially varying prior learning for blind hyperspectral image fusion. IEEE TIP 32, 4416–4431."
334,2025,Continuous spatial-spectral reconstruction via implicit neural representation,"Xu, R., Yao, M., Chen, C., Wang, L., Xiong, Z.","IJCV 133, 106–128",Low-level: Reconstruction,,,,,,False,False,False,False,https://scholar.google.com/scholar?q=Continuous+spatial-spectral+reconstruction+via+implicit+neural+representation+Xu+2025,https://www.semanticscholar.org/search?q=Continuous+spatial-spectral+reconstruction+via+implicit+neural+representation+Xu+2025,https://paperswithcode.com/search?q=Continuous+spatial-spectral+reconstruction+via+implicit+neural+representation,https://github.com/search?q=Continuous+spatial-spectral+reconstruction+via+implicit+neural+representation&type=repositories,search links generated; direct paper/code/dataset links not verified,,,"Xu, R., Yao, M., Chen, C., Wang, L., Xiong, Z., 2025a. Continuous spatial-spectral reconstruction via implicit neural representation. IJCV 133, 106–128."
335,2025,Hipandas: Hyperspectral image joint denoising and super-resolution by image fusion with the panchromatic image,"Xu, S., Zhao, Z., Bai, H., Yu, C., Peng, J., Cao, X., Meng, D.","in: ICCV, pp. 12002–12011",Low-level: Super-resolution/Fusion,,,,,,False,False,False,False,https://scholar.google.com/scholar?q=Hipandas%3A+Hyperspectral+image+joint+denoising+and+super-resolution+by+image+fusion+with+the+panchromatic+image+Xu+2025,https://www.semanticscholar.org/search?q=Hipandas%3A+Hyperspectral+image+joint+denoising+and+super-resolution+by+image+fusion+with+the+panchromatic+image+Xu+2025,https://paperswithcode.com/search?q=Hipandas%3A+Hyperspectral+image+joint+denoising+and+super-resolution+by+image+fusion+with+the+panchromatic+image,https://github.com/search?q=Hipandas%3A+Hyperspectral+image+joint+denoising+and+super-resolution+by+image+fusion+with+the+panchromatic+image&type=repositories,search links generated; direct paper/code/dataset links not verified,,,"Xu, S., Zhao, Z., Bai, H., Yu, C., Peng, J., Cao, X., Meng, D., 2025b. Hipandas: Hyperspectral image joint denoising and super-resolution by image fusion with the panchromatic image, in: ICCV, pp. 12002–12011."
336,2025,Parameterized low-rank regularizer for high-dimensional visual data,"Xu, S., Zhao, Z., Cao, X., Peng, J., Zhao, X.L., Meng, D., Zhang, Y., Timofte, R., Van Gool, L.","IJCV , 1–24",Other / Background,,,,,,False,False,False,False,https://scholar.google.com/scholar?q=Parameterized+low-rank+regularizer+for+high-dimensional+visual+data+Xu+2025,https://www.semanticscholar.org/search?q=Parameterized+low-rank+regularizer+for+high-dimensional+visual+data+Xu+2025,https://paperswithcode.com/search?q=Parameterized+low-rank+regularizer+for+high-dimensional+visual+data,https://github.com/search?q=Parameterized+low-rank+regularizer+for+high-dimensional+visual+data&type=repositories,search links generated; direct paper/code/dataset links not verified,,,"Xu, S., Zhao, Z., Cao, X., Peng, J., Zhao, X.L., Meng, D., Zhang, Y., Timofte, R., Van Gool, L., 2025c. Parameterized low-rank regularizer for high-dimensional visual data. IJCV , 1–24."
337,2021,Vitae: Vision transformer advanced by exploring intrinsic inductive bias,"Xu, Y., Zhang, Q., Zhang, J., Tao, D.","Advances in neural information processing systems 34, 28522–28535",Other / Background,,,,,,False,False,False,False,https://scholar.google.com/scholar?q=Vitae%3A+Vision+transformer+advanced+by+exploring+intrinsic+inductive+bias+Xu+2021,https://www.semanticscholar.org/search?q=Vitae%3A+Vision+transformer+advanced+by+exploring+intrinsic+inductive+bias+Xu+2021,https://paperswithcode.com/search?q=Vitae%3A+Vision+transformer+advanced+by+exploring+intrinsic+inductive+bias,https://github.com/search?q=Vitae%3A+Vision+transformer+advanced+by+exploring+intrinsic+inductive+bias&type=repositories,search links generated; direct paper/code/dataset links not verified,,,"Xu, Y., Zhang, Q., Zhang, J., Tao, D., 2021. Vitae: Vision transformer advanced by exploring intrinsic inductive bias. Advances in neural information processing systems 34, 28522–28535."
338,2021,Spatial-spectral structured sparse low-rank representation for hyperspectral image super-resolution,"Xue, J., Zhao, Y.Q., Bu, Y., Liao, W., Chan, J.C.W., Philips, W.","IEEE TIP 30, 3084–3097",Low-level: Super-resolution/Fusion,,,,,,False,False,False,False,https://scholar.google.com/scholar?q=Spatial-spectral+structured+sparse+low-rank+representation+for+hyperspectral+image+super-resolution+Xue+2021,https://www.semanticscholar.org/search?q=Spatial-spectral+structured+sparse+low-rank+representation+for+hyperspectral+image+super-resolution+Xue+2021,https://paperswithcode.com/search?q=Spatial-spectral+structured+sparse+low-rank+representation+for+hyperspectral+image+super-resolution,https://github.com/search?q=Spatial-spectral+structured+sparse+low-rank+representation+for+hyperspectral+image+super-resolution&type=repositories,search links generated; direct paper/code/dataset links not verified,,,"Xue, J., Zhao, Y.Q., Bu, Y., Liao, W., Chan, J.C.W., Philips, W., 2021. Spatial-spectral structured sparse low-rank representation for hyperspectral image super-resolution. IEEE TIP 30, 3084–3097."
339,2025,Towards multi-source illumination color constancy through physics-based rendering and spectral power distribution embedding,"Xue, X., Hu, H.M., He, Z., Zheng, H.",IEEE TCI ,Physics/Sensing,,,,,,False,False,False,False,https://scholar.google.com/scholar?q=Towards+multi-source+illumination+color+constancy+through+physics-based+rendering+and+spectral+power+distribution+embedding+Xue+2025,https://www.semanticscholar.org/search?q=Towards+multi-source+illumination+color+constancy+through+physics-based+rendering+and+spectral+power+distribution+embedding+Xue+2025,https://paperswithcode.com/search?q=Towards+multi-source+illumination+color+constancy+through+physics-based+rendering+and+spectral+power+distribution+embedding,https://github.com/search?q=Towards+multi-source+illumination+color+constancy+through+physics-based+rendering+and+spectral+power+distribution+embedding&type=repositories,search links generated; direct paper/code/dataset links not verified,,,"Xue, X., Hu, H.M., He, Z., Zheng, H., 2025. Towards multi-source illumination color constancy through physics-based rendering and spectral power distribution embedding. IEEE TCI ."
340,2021,Object detection in hyperspectral images,"Yan, L., Zhao, M., Wang, X., Zhang, Y., Chen, J.","IEEE Signal Processing Letters 28, 508–512",High-level: Segmentation/Detection/Tracking,,,,,,False,False,False,False,https://scholar.google.com/scholar?q=Object+detection+in+hyperspectral+images+Yan+2021,https://www.semanticscholar.org/search?q=Object+detection+in+hyperspectral+images+Yan+2021,https://paperswithcode.com/search?q=Object+detection+in+hyperspectral+images,https://github.com/search?q=Object+detection+in+hyperspectral+images&type=repositories,search links generated; direct paper/code/dataset links not verified,,,"Yan, L., Zhao, M., Wang, X., Zhang, Y., Chen, J., 2021. Object detection in hyperspectral images. IEEE Signal Processing Letters 28, 508–512."
341,,"Yang, X., Chen, J., Yang, Z., . Physpec: Physically consistent spectral reconstruction via orthogonal subspace decomposition and self- supervised meta-auxiliary learning",,in: Forty-second International Conference on Machine Learning,Dataset,,,,,,False,False,False,False,https://scholar.google.com/scholar?q=Yang%2C+X.%2C+Chen%2C+J.%2C+Yang%2C+Z.%2C+.+Physpec%3A+Physically+consistent+spectral+reconstruction+via+orthogonal+subspace+decomposition+and+self-+supervised+meta-auxiliary+learning++,https://www.semanticscholar.org/search?q=Yang%2C+X.%2C+Chen%2C+J.%2C+Yang%2C+Z.%2C+.+Physpec%3A+Physically+consistent+spectral+reconstruction+via+orthogonal+subspace+decomposition+and+self-+supervised+meta-auxiliary+learning++,https://paperswithcode.com/search?q=Yang%2C+X.%2C+Chen%2C+J.%2C+Yang%2C+Z.%2C+.+Physpec%3A+Physically+consistent+spectral+reconstruction+via+orthogonal+subspace+decomposition+and+self-+supervised+meta-auxiliary+learning,https://github.com/search?q=Yang%2C+X.%2C+Chen%2C+J.%2C+Yang%2C+Z.%2C+.+Physpec%3A+Physically+consistent+spectral+reconstruction+via+orthogonal+subspace+decomposition+and+self-+supervised+meta-auxiliary+learning&type=repositories,search links generated; direct paper/code/dataset links not verified,,,"Yang, X., Chen, J., Yang, Z., . Physpec: Physically consistent spectral reconstruction via orthogonal subspace decomposition and self- supervised meta-auxiliary learning, in: Forty-second International Conference on Machine Learning."
342,2025,Unraveling metameric dilemma for spectral reconstruction: A high-fidelity approach via semi-supervised learning,"Yang, X., Chen, J., Yang, Z.",in: NeurIPS,Low-level: Reconstruction,,,,,,False,False,False,False,https://scholar.google.com/scholar?q=Unraveling+metameric+dilemma+for+spectral+reconstruction%3A+A+high-fidelity+approach+via+semi-supervised+learning+Yang+2025,https://www.semanticscholar.org/search?q=Unraveling+metameric+dilemma+for+spectral+reconstruction%3A+A+high-fidelity+approach+via+semi-supervised+learning+Yang+2025,https://paperswithcode.com/search?q=Unraveling+metameric+dilemma+for+spectral+reconstruction%3A+A+high-fidelity+approach+via+semi-supervised+learning,https://github.com/search?q=Unraveling+metameric+dilemma+for+spectral+reconstruction%3A+A+high-fidelity+approach+via+semi-supervised+learning&type=repositories,search links generated; direct paper/code/dataset links not verified,,,"Yang, X., Chen, J., Yang, Z., 2025. Unraveling metameric dilemma for spectral reconstruction: A high-fidelity approach via semi-supervised learning, in: NeurIPS."
343,2010,"Generalized assorted pixel camera: postcapture control of resolution, dynamic range, and spectrum","Yasuma, F., Mitsunaga, T., Iso, D., Nayar, S.K.","IEEE TIP 19, 2241–2253",Physics/Sensing,,https://cave.cs.columbia.edu/repository/Multispectral,,https://cave.cs.columbia.edu/repository/Multispectral,,False,False,True,True,https://scholar.google.com/scholar?q=Generalized+assorted+pixel+camera%3A+postcapture+control+of+resolution%2C+dynamic+range%2C+and+spectrum+Yasuma+2010,https://www.semanticscholar.org/search?q=Generalized+assorted+pixel+camera%3A+postcapture+control+of+resolution%2C+dynamic+range%2C+and+spectrum+Yasuma+2010,https://paperswithcode.com/search?q=Generalized+assorted+pixel+camera%3A+postcapture+control+of+resolution%2C+dynamic+range%2C+and+spectrum,https://github.com/search?q=Generalized+assorted+pixel+camera%3A+postcapture+control+of+resolution%2C+dynamic+range%2C+and+spectrum&type=repositories,verified CAVE dataset link,https://cave.cs.columbia.edu/repository/Multispectral,,"Yasuma, F., Mitsunaga, T., Iso, D., Nayar, S.K., 2010. Generalized assorted pixel camera: postcapture control of resolution, dynamic range, and spectrum. IEEE TIP 19, 2241–2253."
344,2022,Joint feature learning and relation modeling for tracking: A one-stream framework,"Ye, B., Chang, H., Ma, B., Shan, S., Chen, X.","in: ECCV, Springer. pp. 341–357",High-level: Segmentation/Detection/Tracking,,,,,,False,False,False,False,https://scholar.google.com/scholar?q=Joint+feature+learning+and+relation+modeling+for+tracking%3A+A+one-stream+framework+Ye+2022,https://www.semanticscholar.org/search?q=Joint+feature+learning+and+relation+modeling+for+tracking%3A+A+one-stream+framework+Ye+2022,https://paperswithcode.com/search?q=Joint+feature+learning+and+relation+modeling+for+tracking%3A+A+one-stream+framework,https://github.com/search?q=Joint+feature+learning+and+relation+modeling+for+tracking%3A+A+one-stream+framework&type=repositories,search links generated; direct paper/code/dataset links not verified,,,"Ye, B., Chang, H., Ma, B., Shan, S., Chen, X., 2022. Joint feature learning and relation modeling for tracking: A one-stream framework, in: ECCV, Springer. pp. 341–357."
345,2024,Spectral memory-enhanced network with local non-local and low-rank priors for hyperspectral compressive imaging,"Ying, Y., Wang, J., Shi, Y., Ling, N., Yin, B.",IEEE TCI ,Other / Background,,,,,,False,False,False,False,https://scholar.google.com/scholar?q=Spectral+memory-enhanced+network+with+local+non-local+and+low-rank+priors+for+hyperspectral+compressive+imaging+Ying+2024,https://www.semanticscholar.org/search?q=Spectral+memory-enhanced+network+with+local+non-local+and+low-rank+priors+for+hyperspectral+compressive+imaging+Ying+2024,https://paperswithcode.com/search?q=Spectral+memory-enhanced+network+with+local+non-local+and+low-rank+priors+for+hyperspectral+compressive+imaging,https://github.com/search?q=Spectral+memory-enhanced+network+with+local+non-local+and+low-rank+priors+for+hyperspectral+compressive+imaging&type=repositories,search links generated; direct paper/code/dataset links not verified,,,"Ying, Y., Wang, J., Shi, Y., Ling, N., Yin, B., 2024. Spectral memory-enhanced network with local non-local and low-rank priors for hyperspectral compressive imaging. IEEE TCI ."
346,2019,Hyperspectral city v1,"You, S., Huang, E., Liang, S., Zheng, Y., Li, Y., Wang, F., Lin, S., Shen, Q., Cao, X., Zhang, D., et al.",0 dataset and benchmark. arXiv preprint arXiv:1907.10270 ,Dataset,https://arxiv.org/abs/1907.10270,,,,1907.10270,True,False,False,False,https://scholar.google.com/scholar?q=Hyperspectral+city+v1+You+2019,https://www.semanticscholar.org/search?q=Hyperspectral+city+v1+You+2019,https://paperswithcode.com/search?q=Hyperspectral+city+v1,https://github.com/search?q=Hyperspectral+city+v1&type=repositories,arXiv URL parsed from reference; other direct links not verified,,,"You, S., Huang, E., Liang, S., Zheng, Y., Li, Y., Wang, F., Lin, S., Shen, Q., Cao, X., Zhang, D., et al., 2019. Hyperspectral city v1. 0 dataset and benchmark. arXiv preprint arXiv:1907.10270 ."
347,2025,Active hyperspectral imaging using an event camera,"Yu, B., Liang, J., Wang, Z., Fan, B., Subpa-asa, A., Shi, B., Sato, I.","in: Proceedings of the Computer Vision and Pattern Recognition Conference, pp. 929–939",Physics/Sensing,,,,,,False,False,False,False,https://scholar.google.com/scholar?q=Active+hyperspectral+imaging+using+an+event+camera+Yu+2025,https://www.semanticscholar.org/search?q=Active+hyperspectral+imaging+using+an+event+camera+Yu+2025,https://paperswithcode.com/search?q=Active+hyperspectral+imaging+using+an+event+camera,https://github.com/search?q=Active+hyperspectral+imaging+using+an+event+camera&type=repositories,search links generated; direct paper/code/dataset links not verified,,,"Yu, B., Liang, J., Wang, Z., Fan, B., Subpa-asa, A., Shi, B., Sato, I., 2025. Active hyperspectral imaging using an event camera, in: Proceedings of the Computer Vision and Pattern Recognition Conference, pp. 929–939."
348,2025,Volformer: Explore more comprehensive cube interaction for hyperspectral image restoration and beyond,"Yu, D., Gao, Z.","in: Proceedings of the Computer Vision and Pattern Recognition Conference, pp. 28091–28101",Low-level: Denoising/Restoration,,,,,,False,False,False,False,https://scholar.google.com/scholar?q=Volformer%3A+Explore+more+comprehensive+cube+interaction+for+hyperspectral+image+restoration+and+beyond+Yu+2025,https://www.semanticscholar.org/search?q=Volformer%3A+Explore+more+comprehensive+cube+interaction+for+hyperspectral+image+restoration+and+beyond+Yu+2025,https://paperswithcode.com/search?q=Volformer%3A+Explore+more+comprehensive+cube+interaction+for+hyperspectral+image+restoration+and+beyond,https://github.com/search?q=Volformer%3A+Explore+more+comprehensive+cube+interaction+for+hyperspectral+image+restoration+and+beyond&type=repositories,search links generated; direct paper/code/dataset links not verified,,,"Yu, D., Gao, Z., 2025. Volformer: Explore more comprehensive cube interaction for hyperspectral image restoration and beyond, in: Proceedings of the Computer Vision and Pattern Recognition Conference, pp. 28091–28101."
349,2022,Improved interactive color visualization approach for hyperspectral images,"Yu, H., Li, S.","Information Visualization 21, 153–165",Other / Background,,,,,,False,False,False,False,https://scholar.google.com/scholar?q=Improved+interactive+color+visualization+approach+for+hyperspectral+images+Yu+2022,https://www.semanticscholar.org/search?q=Improved+interactive+color+visualization+approach+for+hyperspectral+images+Yu+2022,https://paperswithcode.com/search?q=Improved+interactive+color+visualization+approach+for+hyperspectral+images,https://github.com/search?q=Improved+interactive+color+visualization+approach+for+hyperspectral+images&type=repositories,search links generated; direct paper/code/dataset links not verified,,,"Yu, H., Li, S., 2022. Improved interactive color visualization approach for hyperspectral images. Information Visualization 21, 153–165."
350,2024,Unmixdiff: Unmixing-based diffusion model for hyperspectral image synthesis,"Yu, Y., Pan, E., Ma, Y., Mei, X., Chen, Q., Ma, J.",IEEE TGRS ,Low-level: Super-resolution/Fusion,,,,,,False,False,False,False,https://scholar.google.com/scholar?q=Unmixdiff%3A+Unmixing-based+diffusion+model+for+hyperspectral+image+synthesis+Yu+2024,https://www.semanticscholar.org/search?q=Unmixdiff%3A+Unmixing-based+diffusion+model+for+hyperspectral+image+synthesis+Yu+2024,https://paperswithcode.com/search?q=Unmixdiff%3A+Unmixing-based+diffusion+model+for+hyperspectral+image+synthesis,https://github.com/search?q=Unmixdiff%3A+Unmixing-based+diffusion+model+for+hyperspectral+image+synthesis&type=repositories,search links generated; direct paper/code/dataset links not verified,,,"Yu, Y., Pan, E., Ma, Y., Mei, X., Chen, Q., Ma, J., 2024a. Unmixdiff: Unmixing-based diffusion model for hyperspectral image synthesis. IEEE TGRS ."
351,2024,Unmixing before fusion: A generalized paradigm for multi-source-based hyperspectral image synthesis,"Yu, Y., Pan, E., Wang, X., Wu, Y., Mei, X., Ma, J.","in: CVPR, pp. 9297–9306",Dataset,,,,,,False,False,False,False,https://scholar.google.com/scholar?q=Unmixing+before+fusion%3A+A+generalized+paradigm+for+multi-source-based+hyperspectral+image+synthesis+Yu+2024,https://www.semanticscholar.org/search?q=Unmixing+before+fusion%3A+A+generalized+paradigm+for+multi-source-based+hyperspectral+image+synthesis+Yu+2024,https://paperswithcode.com/search?q=Unmixing+before+fusion%3A+A+generalized+paradigm+for+multi-source-based+hyperspectral+image+synthesis,https://github.com/search?q=Unmixing+before+fusion%3A+A+generalized+paradigm+for+multi-source-based+hyperspectral+image+synthesis&type=repositories,search links generated; direct paper/code/dataset links not verified,,,"Yu, Y., Pan, E., Wang, X., Wu, Y., Mei, X., Ma, J., 2024b. Unmixing before fusion: A generalized paradigm for multi-source-based hyperspectral image synthesis, in: CVPR, pp. 9297–9306."
352,2021,"Snapshot compressive imaging: Theory, algorithms, and applications","Yuan, X., Brady, D.J., Katsaggelos, A.K.","IEEE Signal Processing Magazine 38, 65–88",Low-level: Reconstruction,,,,,,False,False,False,False,https://scholar.google.com/scholar?q=Snapshot+compressive+imaging%3A+Theory%2C+algorithms%2C+and+applications+Yuan+2021,https://www.semanticscholar.org/search?q=Snapshot+compressive+imaging%3A+Theory%2C+algorithms%2C+and+applications+Yuan+2021,https://paperswithcode.com/search?q=Snapshot+compressive+imaging%3A+Theory%2C+algorithms%2C+and+applications,https://github.com/search?q=Snapshot+compressive+imaging%3A+Theory%2C+algorithms%2C+and+applications&type=repositories,search links generated; direct paper/code/dataset links not verified,,,"Yuan, X., Brady, D.J., Katsaggelos, A.K., 2021. Snapshot compressive imaging: Theory, algorithms, and applications. IEEE Signal Processing Magazine 38, 65–88."
353,2020,Plug-and-play algorithms for large-scale snapshot compressive imaging,"Yuan, X., Liu, Y., Suo, J., Dai, Q.","in: CVPR, pp. 1447–1457",Low-level: Reconstruction,,,,,,False,False,False,False,https://scholar.google.com/scholar?q=Plug-and-play+algorithms+for+large-scale+snapshot+compressive+imaging+Yuan+2020,https://www.semanticscholar.org/search?q=Plug-and-play+algorithms+for+large-scale+snapshot+compressive+imaging+Yuan+2020,https://paperswithcode.com/search?q=Plug-and-play+algorithms+for+large-scale+snapshot+compressive+imaging,https://github.com/search?q=Plug-and-play+algorithms+for+large-scale+snapshot+compressive+imaging&type=repositories,search links generated; direct paper/code/dataset links not verified,,,"Yuan, X., Liu, Y., Suo, J., Dai, Q., 2020. Plug-and-play algorithms for large-scale snapshot compressive imaging, in: CVPR, pp. 1447–1457."
354,2017,Hyperspectral image superresolution by transfer learning,"Yuan, Y., Zheng, X., Lu, X.","IEEE Journal of Selected Topics in Applied Earth Observations and Remote Sensing 10, 1963–1974",Physics/Sensing,,,,,,False,False,False,False,https://scholar.google.com/scholar?q=Hyperspectral+image+superresolution+by+transfer+learning+Yuan+2017,https://www.semanticscholar.org/search?q=Hyperspectral+image+superresolution+by+transfer+learning+Yuan+2017,https://paperswithcode.com/search?q=Hyperspectral+image+superresolution+by+transfer+learning,https://github.com/search?q=Hyperspectral+image+superresolution+by+transfer+learning&type=repositories,search links generated; direct paper/code/dataset links not verified,,,"Yuan, Y., Zheng, X., Lu, X., 2017. Hyperspectral image superresolution by transfer learning. IEEE Journal of Selected Topics in Applied Earth Observations and Remote Sensing 10, 1963–1974."
355,2016,Novel segmented stacked autoencoder for effective dimensionality reduction and feature extraction in hyperspectral imaging,"Zabalza, J., Ren, J., Zheng, J., Zhao, H., Qing, C., Yang, Z., Du, P., Marshall, S.","Neurocomputing 185, 1–10",Other / Background,,,,,,False,False,False,False,https://scholar.google.com/scholar?q=Novel+segmented+stacked+autoencoder+for+effective+dimensionality+reduction+and+feature+extraction+in+hyperspectral+imaging+Zabalza+2016,https://www.semanticscholar.org/search?q=Novel+segmented+stacked+autoencoder+for+effective+dimensionality+reduction+and+feature+extraction+in+hyperspectral+imaging+Zabalza+2016,https://paperswithcode.com/search?q=Novel+segmented+stacked+autoencoder+for+effective+dimensionality+reduction+and+feature+extraction+in+hyperspectral+imaging,https://github.com/search?q=Novel+segmented+stacked+autoencoder+for+effective+dimensionality+reduction+and+feature+extraction+in+hyperspectral+imaging&type=repositories,search links generated; direct paper/code/dataset links not verified,,,"Zabalza, J., Ren, J., Zheng, J., Zhao, H., Qing, C., Yang, Z., Du, P., Marshall, S., 2016. Novel segmented stacked autoencoder for effective dimensionality reduction and feature extraction in hyperspectral imaging. Neurocomputing 185, 1–10."
356,2024,Unmixing diffusion for self-supervised hyperspectral image denoising,"Zeng, H., Cao, J., Zhang, K., Chen, Y., Luong, H., Philips, W.","in: CVPR, pp. 27820–27830",Low-level: Super-resolution/Fusion,,,,,,False,False,False,False,https://scholar.google.com/scholar?q=Unmixing+diffusion+for+self-supervised+hyperspectral+image+denoising+Zeng+2024,https://www.semanticscholar.org/search?q=Unmixing+diffusion+for+self-supervised+hyperspectral+image+denoising+Zeng+2024,https://paperswithcode.com/search?q=Unmixing+diffusion+for+self-supervised+hyperspectral+image+denoising,https://github.com/search?q=Unmixing+diffusion+for+self-supervised+hyperspectral+image+denoising&type=repositories,search links generated; direct paper/code/dataset links not verified,,,"Zeng, H., Cao, J., Zhang, K., Chen, Y., Luong, H., Philips, W., 2024. Unmixing diffusion for self-supervised hyperspectral image denoising, in: CVPR, pp. 27820–27830."
357,2022,Multiscale spatial–spectral interaction transformer for pan-sharpening,"Zhang, F., Zhang, K., Sun, J.","Remote Sensing 14, 1736",Low-level: Super-resolution/Fusion,,,,,,False,False,False,False,https://scholar.google.com/scholar?q=Multiscale+spatial%E2%80%93spectral+interaction+transformer+for+pan-sharpening+Zhang+2022,https://www.semanticscholar.org/search?q=Multiscale+spatial%E2%80%93spectral+interaction+transformer+for+pan-sharpening+Zhang+2022,https://paperswithcode.com/search?q=Multiscale+spatial%E2%80%93spectral+interaction+transformer+for+pan-sharpening,https://github.com/search?q=Multiscale+spatial%E2%80%93spectral+interaction+transformer+for+pan-sharpening&type=repositories,search links generated; direct paper/code/dataset links not verified,,,"Zhang, F., Zhang, K., Sun, J., 2022a. Multiscale spatial–spectral interaction transformer for pan-sharpening. Remote Sensing 14, 1736."
358,2022,Dino: Detr with improved denoising anchor boxes for end-to-end object detection,"Zhang, H., Li, F., Liu, S., Zhang, L., Su, H., Zhu, J., Ni, L.M., Shum, H.Y.",arXiv preprint arXiv:2203.03605 ,Low-level: Denoising/Restoration,https://arxiv.org/abs/2203.03605,,,,2203.03605,True,False,False,False,https://scholar.google.com/scholar?q=Dino%3A+Detr+with+improved+denoising+anchor+boxes+for+end-to-end+object+detection+Zhang+2022,https://www.semanticscholar.org/search?q=Dino%3A+Detr+with+improved+denoising+anchor+boxes+for+end-to-end+object+detection+Zhang+2022,https://paperswithcode.com/search?q=Dino%3A+Detr+with+improved+denoising+anchor+boxes+for+end-to-end+object+detection,https://github.com/search?q=Dino%3A+Detr+with+improved+denoising+anchor+boxes+for+end-to-end+object+detection&type=repositories,arXiv URL parsed from reference; other direct links not verified,,,"Zhang, H., Li, F., Liu, S., Zhang, L., Su, H., Zhu, J., Ni, L.M., Shum, H.Y., 2022b. Dino: Detr with improved denoising anchor boxes for end-to-end object detection. arXiv preprint arXiv:2203.03605 ."
359,2018,Ista-net: Interpretable optimization-inspired deep network for image compressive sensing,"Zhang, J., Ghanem, B.","in: Proceedings of the IEEE conference on computer vision and pattern recognition, pp. 1828–1837",Physics/Sensing,,,,,,False,False,False,False,https://scholar.google.com/scholar?q=Ista-net%3A+Interpretable+optimization-inspired+deep+network+for+image+compressive+sensing+Zhang+2018,https://www.semanticscholar.org/search?q=Ista-net%3A+Interpretable+optimization-inspired+deep+network+for+image+compressive+sensing+Zhang+2018,https://paperswithcode.com/search?q=Ista-net%3A+Interpretable+optimization-inspired+deep+network+for+image+compressive+sensing,https://github.com/search?q=Ista-net%3A+Interpretable+optimization-inspired+deep+network+for+image+compressive+sensing&type=repositories,search links generated; direct paper/code/dataset links not verified,,,"Zhang, J., Ghanem, B., 2018. Ista-net: Interpretable optimization-inspired deep network for image compressive sensing, in: Proceedings of the IEEE conference on computer vision and pattern recognition, pp. 1828–1837."
360,2021,Multi-scale feature mapping network for hyperspectral image super-resolution,"Zhang, J., Shao, M., Wan, Z., Li, Y.","Remote Sensing 13, 4180",Low-level: Super-resolution/Fusion,,,,,,False,False,False,False,https://scholar.google.com/scholar?q=Multi-scale+feature+mapping+network+for+hyperspectral+image+super-resolution+Zhang+2021,https://www.semanticscholar.org/search?q=Multi-scale+feature+mapping+network+for+hyperspectral+image+super-resolution+Zhang+2021,https://paperswithcode.com/search?q=Multi-scale+feature+mapping+network+for+hyperspectral+image+super-resolution,https://github.com/search?q=Multi-scale+feature+mapping+network+for+hyperspectral+image+super-resolution&type=repositories,search links generated; direct paper/code/dataset links not verified,,,"Zhang, J., Shao, M., Wan, Z., Li, Y., 2021a. Multi-scale feature mapping network for hyperspectral image super-resolution. Remote Sensing 13, 4180."
361,2022,A survey on computational spectral reconstruction methods from rgb to hyperspectral imaging,"Zhang, J., Su, R., Fu, Q., Ren, W., Heide, F., Nie, Y.","Scientific reports 12, 11905",Low-level: Reconstruction,,,,,,False,False,False,False,https://scholar.google.com/scholar?q=A+survey+on+computational+spectral+reconstruction+methods+from+rgb+to+hyperspectral+imaging+Zhang+2022,https://www.semanticscholar.org/search?q=A+survey+on+computational+spectral+reconstruction+methods+from+rgb+to+hyperspectral+imaging+Zhang+2022,https://paperswithcode.com/search?q=A+survey+on+computational+spectral+reconstruction+methods+from+rgb+to+hyperspectral+imaging,https://github.com/search?q=A+survey+on+computational+spectral+reconstruction+methods+from+rgb+to+hyperspectral+imaging&type=repositories,search links generated; direct paper/code/dataset links not verified,,,"Zhang, J., Su, R., Fu, Q., Ren, W., Heide, F., Nie, Y., 2022c. A survey on computational spectral reconstruction methods from rgb to hyperspectral imaging. Scientific reports 12, 11905."
362,2023,Adding conditional control to text-to-image diffusion models,"Zhang, L., Rao, A., Agrawala, M.","in: ICCV, pp. 3836–3847",Low-level: Super-resolution/Fusion,,,,,,False,False,False,False,https://scholar.google.com/scholar?q=Adding+conditional+control+to+text-to-image+diffusion+models+Zhang+2023,https://www.semanticscholar.org/search?q=Adding+conditional+control+to+text-to-image+diffusion+models+Zhang+2023,https://paperswithcode.com/search?q=Adding+conditional+control+to+text-to-image+diffusion+models,https://github.com/search?q=Adding+conditional+control+to+text-to-image+diffusion+models&type=repositories,search links generated; direct paper/code/dataset links not verified,,,"Zhang, L., Rao, A., Agrawala, M., 2023a. Adding conditional control to text-to-image diffusion models, in: ICCV, pp. 3836–3847."
363,2023,Essaformer: Efficient transformer for hyperspectral image super- resolution,"Zhang, M., Zhang, C., Zhang, Q., Guo, J., Gao, X., Zhang, J.","in: ICCV, pp. 23073–23084",Other / Background,,,,,,False,False,False,False,https://scholar.google.com/scholar?q=Essaformer%3A+Efficient+transformer+for+hyperspectral+image+super-+resolution+Zhang+2023,https://www.semanticscholar.org/search?q=Essaformer%3A+Efficient+transformer+for+hyperspectral+image+super-+resolution+Zhang+2023,https://paperswithcode.com/search?q=Essaformer%3A+Efficient+transformer+for+hyperspectral+image+super-+resolution,https://github.com/search?q=Essaformer%3A+Efficient+transformer+for+hyperspectral+image+super-+resolution&type=repositories,search links generated; direct paper/code/dataset links not verified,,,"Zhang, M., Zhang, C., Zhang, Q., Guo, J., Gao, X., Zhang, J., 2023b. Essaformer: Efficient transformer for hyperspectral image super- resolution, in: ICCV, pp. 23073–23084."
364,2024,"Hyperspectral image denoising: From model-driven, data-driven, to model-data-driven","Zhang, Q., Zheng, Y., Yuan, Q., Song, M., Yu, H., Xiao, Y.","IEEE TNNLS 35, 13143–13163",Low-level: Denoising/Restoration,,,,,,False,False,False,False,https://scholar.google.com/scholar?q=Hyperspectral+image+denoising%3A+From+model-driven%2C+data-driven%2C+to+model-data-driven+Zhang+2024,https://www.semanticscholar.org/search?q=Hyperspectral+image+denoising%3A+From+model-driven%2C+data-driven%2C+to+model-data-driven+Zhang+2024,https://paperswithcode.com/search?q=Hyperspectral+image+denoising%3A+From+model-driven%2C+data-driven%2C+to+model-data-driven,https://github.com/search?q=Hyperspectral+image+denoising%3A+From+model-driven%2C+data-driven%2C+to+model-data-driven&type=repositories,search links generated; direct paper/code/dataset links not verified,,,"Zhang, Q., Zheng, Y., Yuan, Q., Song, M., Yu, H., Xiao, Y., 2024a. Hyperspectral image denoising: From model-driven, data-driven, to model-data-driven. IEEE TNNLS 35, 13143–13163."
365,2021,Learning tensor low-rank prior for hyperspectral image reconstruction,"Zhang, S., Wang, L., Zhang, L., Huang, H.","in: CVPR, pp. 12006–12015",Low-level: Reconstruction,,,,,,False,False,False,False,https://scholar.google.com/scholar?q=Learning+tensor+low-rank+prior+for+hyperspectral+image+reconstruction+Zhang+2021,https://www.semanticscholar.org/search?q=Learning+tensor+low-rank+prior+for+hyperspectral+image+reconstruction+Zhang+2021,https://paperswithcode.com/search?q=Learning+tensor+low-rank+prior+for+hyperspectral+image+reconstruction,https://github.com/search?q=Learning+tensor+low-rank+prior+for+hyperspectral+image+reconstruction&type=repositories,search links generated; direct paper/code/dataset links not verified,,,"Zhang, S., Wang, L., Zhang, L., Huang, H., 2021b. Learning tensor low-rank prior for hyperspectral image reconstruction, in: CVPR, pp. 12006–12015."
366,2021,Hyperspectral image denoising with realistic data,"Zhang, T., Fu, Y., Li, C.","in: ICCV, pp. 2248–2257",Low-level: Denoising/Restoration,https://openaccess.thecvf.com/content/ICCV2021/papers/Zhang_Hyperspectral_Image_Denoising_With_Realistic_Data_ICCV_2021_paper.pdf,,https://github.com/colintaozhang/hsidwrd,https://github.com/colintaozhang/hsidwrd,,True,True,True,False,https://scholar.google.com/scholar?q=Hyperspectral+image+denoising+with+realistic+data+Zhang+2021,https://www.semanticscholar.org/search?q=Hyperspectral+image+denoising+with+realistic+data+Zhang+2021,https://paperswithcode.com/search?q=Hyperspectral+image+denoising+with+realistic+data,https://github.com/search?q=Hyperspectral+image+denoising+with+realistic+data&type=repositories,verified paper + dataset/code link,https://github.com/colintaozhang/hsidwrd,,"Zhang, T., Fu, Y., Li, C., 2021c. Hyperspectral image denoising with realistic data, in: ICCV, pp. 2248–2257."
367,2022,Guided hyperspectral image denoising with realistic data,"Zhang, T., Fu, Y., Zhang, J.","IJCV 130, 2885–2901",Low-level: Denoising/Restoration,,,,,,False,False,False,False,https://scholar.google.com/scholar?q=Guided+hyperspectral+image+denoising+with+realistic+data+Zhang+2022,https://www.semanticscholar.org/search?q=Guided+hyperspectral+image+denoising+with+realistic+data+Zhang+2022,https://paperswithcode.com/search?q=Guided+hyperspectral+image+denoising+with+realistic+data,https://github.com/search?q=Guided+hyperspectral+image+denoising+with+realistic+data&type=repositories,search links generated; direct paper/code/dataset links not verified,,,"Zhang, T., Fu, Y., Zhang, J., 2022d. Guided hyperspectral image denoising with realistic data. IJCV 130, 2885–2901."
368,2024,Ssinet: Snapshot spectral imaging method with matrix fusion module for face anti-spoofing,"Zhang, X., Huang, Y., Rao, S., Cui, K., Li, Y.L.","in: 2024 International Joint Conference on Neural Networks (IJCNN), IEEE. pp. 1–8",Low-level: Reconstruction,,,,,,False,False,False,False,https://scholar.google.com/scholar?q=Ssinet%3A+Snapshot+spectral+imaging+method+with+matrix+fusion+module+for+face+anti-spoofing+Zhang+2024,https://www.semanticscholar.org/search?q=Ssinet%3A+Snapshot+spectral+imaging+method+with+matrix+fusion+module+for+face+anti-spoofing+Zhang+2024,https://paperswithcode.com/search?q=Ssinet%3A+Snapshot+spectral+imaging+method+with+matrix+fusion+module+for+face+anti-spoofing,https://github.com/search?q=Ssinet%3A+Snapshot+spectral+imaging+method+with+matrix+fusion+module+for+face+anti-spoofing&type=repositories,search links generated; direct paper/code/dataset links not verified,,,"Zhang, X., Huang, Y., Rao, S., Cui, K., Li, Y.L., 2024b. Ssinet: Snapshot spectral imaging method with matrix fusion module for face anti-spoofing, in: 2024 International Joint Conference on Neural Networks (IJCNN), IEEE. pp. 1–8."
369,2022,Herosnet: Hyperspectral explicable reconstruction and optimal sampling deep network for snapshot compressive imaging,"Zhang, X., Zhang, Y., Xiong, R., Sun, Q., Zhang, J.","in: CVPR, pp. 17532–17541",Low-level: Reconstruction,,,,,,False,False,False,False,https://scholar.google.com/scholar?q=Herosnet%3A+Hyperspectral+explicable+reconstruction+and+optimal+sampling+deep+network+for+snapshot+compressive+imaging+Zhang+2022,https://www.semanticscholar.org/search?q=Herosnet%3A+Hyperspectral+explicable+reconstruction+and+optimal+sampling+deep+network+for+snapshot+compressive+imaging+Zhang+2022,https://paperswithcode.com/search?q=Herosnet%3A+Hyperspectral+explicable+reconstruction+and+optimal+sampling+deep+network+for+snapshot+compressive+imaging,https://github.com/search?q=Herosnet%3A+Hyperspectral+explicable+reconstruction+and+optimal+sampling+deep+network+for+snapshot+compressive+imaging&type=repositories,search links generated; direct paper/code/dataset links not verified,,,"Zhang, X., Zhang, Y., Xiong, R., Sun, Q., Zhang, J., 2022e. Herosnet: Hyperspectral explicable reconstruction and optimal sampling deep network for snapshot compressive imaging, in: CVPR, pp. 17532–17541."
370,2021,Hyperspectral-cube-based mobile face recognition: A comprehensive review,"Zhang, X., Zhao, H.","Information Fusion 74, 132–150",Low-level: Super-resolution/Fusion,,,,,,False,False,False,False,https://scholar.google.com/scholar?q=Hyperspectral-cube-based+mobile+face+recognition%3A+A+comprehensive+review+Zhang+2021,https://www.semanticscholar.org/search?q=Hyperspectral-cube-based+mobile+face+recognition%3A+A+comprehensive+review+Zhang+2021,https://paperswithcode.com/search?q=Hyperspectral-cube-based+mobile+face+recognition%3A+A+comprehensive+review,https://github.com/search?q=Hyperspectral-cube-based+mobile+face+recognition%3A+A+comprehensive+review&type=repositories,search links generated; direct paper/code/dataset links not verified,,,"Zhang, X., Zhao, H., 2021. Hyperspectral-cube-based mobile face recognition: A comprehensive review. Information Fusion 74, 132–150."
371,2025,Unaligned rgb guided hyperspectral image super-resolution with spatial-spectral concordance: Y,"Zhang, Y., Lai, Z., Zhang, T., Fu, Y., Zhou, C.","zhang et al. IJCV , 1–21",Low-level: Super-resolution/Fusion,,,,,,False,False,False,False,https://scholar.google.com/scholar?q=Unaligned+rgb+guided+hyperspectral+image+super-resolution+with+spatial-spectral+concordance%3A+Y+Zhang+2025,https://www.semanticscholar.org/search?q=Unaligned+rgb+guided+hyperspectral+image+super-resolution+with+spatial-spectral+concordance%3A+Y+Zhang+2025,https://paperswithcode.com/search?q=Unaligned+rgb+guided+hyperspectral+image+super-resolution+with+spatial-spectral+concordance%3A+Y,https://github.com/search?q=Unaligned+rgb+guided+hyperspectral+image+super-resolution+with+spatial-spectral+concordance%3A+Y&type=repositories,search links generated; direct paper/code/dataset links not verified,,,"Zhang, Y., Lai, Z., Zhang, T., Fu, Y., Zhou, C., 2025. Unaligned rgb guided hyperspectral image super-resolution with spatial-spectral concordance: Y. zhang et al. IJCV , 1–21."
372,2021,Multi-features integration based hyperspectral videos tracker,"Zhang, Z., Qian, K., Du, J., Zhou, H.","in: 2021 11th Workshop on Hyperspectral Imaging and Signal Processing: Evolution in Remote Sensing (WHISPERS), IEEE. pp. 1–5",Physics/Sensing,,,,,,False,False,False,False,https://scholar.google.com/scholar?q=Multi-features+integration+based+hyperspectral+videos+tracker+Zhang+2021,https://www.semanticscholar.org/search?q=Multi-features+integration+based+hyperspectral+videos+tracker+Zhang+2021,https://paperswithcode.com/search?q=Multi-features+integration+based+hyperspectral+videos+tracker,https://github.com/search?q=Multi-features+integration+based+hyperspectral+videos+tracker&type=repositories,search links generated; direct paper/code/dataset links not verified,,,"Zhang, Z., Qian, K., Du, J., Zhou, H., 2021d. Multi-features integration based hyperspectral videos tracker, in: 2021 11th Workshop on Hyperspectral Imaging and Signal Processing: Evolution in Remote Sensing (WHISPERS), IEEE. pp. 1–5."
373,2011,Face liveness detection by learning multispectral reflectance distributions,"Zhang, Z., Yi, D., Lei, Z., Li, S.Z.","in: 2011 IEEE International Conference on Automatic Face & Gesture Recognition (FG), IEEE. pp. 436–441",High-level: Segmentation/Detection/Tracking,,,,,,False,False,False,False,https://scholar.google.com/scholar?q=Face+liveness+detection+by+learning+multispectral+reflectance+distributions+Zhang+2011,https://www.semanticscholar.org/search?q=Face+liveness+detection+by+learning+multispectral+reflectance+distributions+Zhang+2011,https://paperswithcode.com/search?q=Face+liveness+detection+by+learning+multispectral+reflectance+distributions,https://github.com/search?q=Face+liveness+detection+by+learning+multispectral+reflectance+distributions&type=repositories,search links generated; direct paper/code/dataset links not verified,,,"Zhang, Z., Yi, D., Lei, Z., Li, S.Z., 2011. Face liveness detection by learning multispectral reflectance distributions, in: 2011 IEEE International Conference on Automatic Face & Gesture Recognition (FG), IEEE. pp. 436–441."
374,2026,Alliance: All-in-one spectral-spatial-frequency awareness foundation model,"Zhao, B., Li, W., Wang, J., Zhang, Y., Yang, H., Zhao, H., Tao, R., Du, Q.",IEEE TPAMI ,Foundation Model,,,,,,False,False,False,False,https://scholar.google.com/scholar?q=Alliance%3A+All-in-one+spectral-spatial-frequency+awareness+foundation+model+Zhao+2026,https://www.semanticscholar.org/search?q=Alliance%3A+All-in-one+spectral-spatial-frequency+awareness+foundation+model+Zhao+2026,https://paperswithcode.com/search?q=Alliance%3A+All-in-one+spectral-spatial-frequency+awareness+foundation+model,https://github.com/search?q=Alliance%3A+All-in-one+spectral-spatial-frequency+awareness+foundation+model&type=repositories,search links generated; direct paper/code/dataset links not verified,,,"Zhao, B., Li, W., Wang, J., Zhang, Y., Yang, H., Zhao, H., Tao, R., Du, Q., 2026. Alliance: All-in-one spectral-spatial-frequency awareness foundation model. IEEE TPAMI ."
375,2019,A laboratory-created dataset with ground truth for hyperspectral unmixing evaluation,"Zhao, M., Chen, J., He, Z.","IEEE Journal of Selected Topics in Applied Earth Observations and Remote Sensing 12, 2170–2183",Dataset,,,,,,False,False,False,False,https://scholar.google.com/scholar?q=A+laboratory-created+dataset+with+ground+truth+for+hyperspectral+unmixing+evaluation+Zhao+2019,https://www.semanticscholar.org/search?q=A+laboratory-created+dataset+with+ground+truth+for+hyperspectral+unmixing+evaluation+Zhao+2019,https://paperswithcode.com/search?q=A+laboratory-created+dataset+with+ground+truth+for+hyperspectral+unmixing+evaluation,https://github.com/search?q=A+laboratory-created+dataset+with+ground+truth+for+hyperspectral+unmixing+evaluation&type=repositories,search links generated; direct paper/code/dataset links not verified,,,"Zhao, M., Chen, J., He, Z., 2019. A laboratory-created dataset with ground truth for hyperspectral unmixing evaluation. IEEE Journal of Selected Topics in Applied Earth Observations and Remote Sensing 12, 2170–2183."
376,2021,Hyperspectral image super-resolution under the guidance of deep gradient information,"Zhao, M., Ning, J., Hu, J., Li, T.","Remote Sensing 13, 2382",Low-level: Super-resolution/Fusion,,,,,,False,False,False,False,https://scholar.google.com/scholar?q=Hyperspectral+image+super-resolution+under+the+guidance+of+deep+gradient+information+Zhao+2021,https://www.semanticscholar.org/search?q=Hyperspectral+image+super-resolution+under+the+guidance+of+deep+gradient+information+Zhao+2021,https://paperswithcode.com/search?q=Hyperspectral+image+super-resolution+under+the+guidance+of+deep+gradient+information,https://github.com/search?q=Hyperspectral+image+super-resolution+under+the+guidance+of+deep+gradient+information&type=repositories,search links generated; direct paper/code/dataset links not verified,,,"Zhao, M., Ning, J., Hu, J., Li, T., 2021. Hyperspectral image super-resolution under the guidance of deep gradient information. Remote Sensing 13, 2382."
377,2023,Attention-driven dual feature guidance for hyperspectral super-resolution,"Zhao, M., Ning, J., Hu, J., Li, T.","IEEE TGRS 61, 1–16",Low-level: Super-resolution/Fusion,,,,,,False,False,False,False,https://scholar.google.com/scholar?q=Attention-driven+dual+feature+guidance+for+hyperspectral+super-resolution+Zhao+2023,https://www.semanticscholar.org/search?q=Attention-driven+dual+feature+guidance+for+hyperspectral+super-resolution+Zhao+2023,https://paperswithcode.com/search?q=Attention-driven+dual+feature+guidance+for+hyperspectral+super-resolution,https://github.com/search?q=Attention-driven+dual+feature+guidance+for+hyperspectral+super-resolution&type=repositories,search links generated; direct paper/code/dataset links not verified,,,"Zhao, M., Ning, J., Hu, J., Li, T., 2023. Attention-driven dual feature guidance for hyperspectral super-resolution. IEEE TGRS 61, 1–16."
378,2015,Illumination and reflectance spectra separation of a hyperspectral image meets low-rank matrix factorization,"Zheng, Y., Sato, I., Sato, Y.","in: Proceedings of the IEEE Conference on Computer Vision and Pattern Recognition, pp. 1779–1787",Physics/Sensing,,,,,,False,False,False,False,https://scholar.google.com/scholar?q=Illumination+and+reflectance+spectra+separation+of+a+hyperspectral+image+meets+low-rank+matrix+factorization+Zheng+2015,https://www.semanticscholar.org/search?q=Illumination+and+reflectance+spectra+separation+of+a+hyperspectral+image+meets+low-rank+matrix+factorization+Zheng+2015,https://paperswithcode.com/search?q=Illumination+and+reflectance+spectra+separation+of+a+hyperspectral+image+meets+low-rank+matrix+factorization,https://github.com/search?q=Illumination+and+reflectance+spectra+separation+of+a+hyperspectral+image+meets+low-rank+matrix+factorization&type=repositories,search links generated; direct paper/code/dataset links not verified,,,"Zheng, Y., Sato, I., Sato, Y., 2015. Illumination and reflectance spectra separation of a hyperspectral image meets low-rank matrix factorization, in: Proceedings of the IEEE Conference on Computer Vision and Pattern Recognition, pp. 1779–1787."
379,2022,A large-scale hyperspectral dataset for flower classification,"Zheng, Y., Zhang, T., Fu, Y.","Knowledge-Based Systems 236, 107647",Dataset,https://www.sciencedirect.com/science/article/abs/pii/S0950705121009096,,https://github.com/ying-fu/HFD100,https://github.com/ying-fu/HFD100,,True,True,True,False,https://scholar.google.com/scholar?q=A+large-scale+hyperspectral+dataset+for+flower+classification+Zheng+2022,https://www.semanticscholar.org/search?q=A+large-scale+hyperspectral+dataset+for+flower+classification+Zheng+2022,https://paperswithcode.com/search?q=A+large-scale+hyperspectral+dataset+for+flower+classification,https://github.com/search?q=A+large-scale+hyperspectral+dataset+for+flower+classification&type=repositories,verified dataset/code link,https://github.com/ying-fu/HFD100,,"Zheng, Y., Zhang, T., Fu, Y., 2022. A large-scale hyperspectral dataset for flower classification. Knowledge-Based Systems 236, 107647."
380,2019,Multispectral imaging for fine-grained recognition of powders on complex backgrounds,"Zhi, T., Pires, B.R., Hebert, M., Narasimhan, S.G.","in: CVPR, pp. 8699–8708",Other / Background,,,,,,False,False,False,False,https://scholar.google.com/scholar?q=Multispectral+imaging+for+fine-grained+recognition+of+powders+on+complex+backgrounds+Zhi+2019,https://www.semanticscholar.org/search?q=Multispectral+imaging+for+fine-grained+recognition+of+powders+on+complex+backgrounds+Zhi+2019,https://paperswithcode.com/search?q=Multispectral+imaging+for+fine-grained+recognition+of+powders+on+complex+backgrounds,https://github.com/search?q=Multispectral+imaging+for+fine-grained+recognition+of+powders+on+complex+backgrounds&type=repositories,search links generated; direct paper/code/dataset links not verified,,,"Zhi, T., Pires, B.R., Hebert, M., Narasimhan, S.G., 2019. Multispectral imaging for fine-grained recognition of powders on complex backgrounds, in: CVPR, pp. 8699–8708."
381,2021,Spectral–spatial transformer network for hyperspectral image classification: A factorized architecture search framework,"Zhong, Z., Li, Y., Ma, L., Li, J., Zheng, W.S.","IEEE TGRS 60, 1–15",High-level: Segmentation/Detection/Tracking,,,,,,False,False,False,False,https://scholar.google.com/scholar?q=Spectral%E2%80%93spatial+transformer+network+for+hyperspectral+image+classification%3A+A+factorized+architecture+search+framework+Zhong+2021,https://www.semanticscholar.org/search?q=Spectral%E2%80%93spatial+transformer+network+for+hyperspectral+image+classification%3A+A+factorized+architecture+search+framework+Zhong+2021,https://paperswithcode.com/search?q=Spectral%E2%80%93spatial+transformer+network+for+hyperspectral+image+classification%3A+A+factorized+architecture+search+framework,https://github.com/search?q=Spectral%E2%80%93spatial+transformer+network+for+hyperspectral+image+classification%3A+A+factorized+architecture+search+framework&type=repositories,search links generated; direct paper/code/dataset links not verified,,,"Zhong, Z., Li, Y., Ma, L., Li, J., Zheng, W.S., 2021. Spectral–spatial transformer network for hyperspectral image classification: A factorized architecture search framework. IEEE TGRS 60, 1–15."
382,2025,Mamba-based unet for hyperspectral image denoising,"Zhu, Z., Chen, Y., Zhang, S., Luo, G., Zeng, J.","IEEE Signal Processing Letters 32, 1411–1415",Low-level: Denoising/Restoration,,,,,,False,False,False,False,https://scholar.google.com/scholar?q=Mamba-based+unet+for+hyperspectral+image+denoising+Zhu+2025,https://www.semanticscholar.org/search?q=Mamba-based+unet+for+hyperspectral+image+denoising+Zhu+2025,https://paperswithcode.com/search?q=Mamba-based+unet+for+hyperspectral+image+denoising,https://github.com/search?q=Mamba-based+unet+for+hyperspectral+image+denoising&type=repositories,search links generated; direct paper/code/dataset links not verified,,,"Zhu, Z., Chen, Y., Zhang, S., Luo, G., Zeng, J., 2025. Mamba-based unet for hyperspectral image denoising. IEEE Signal Processing Letters 32, 1411–1415."
383,2020,Hyperspectral image super-resolution via deep progressive zero-centric residual learning,"Zhu, Z., Hou, J., Chen, J., Zeng, H., Zhou, J.","IEEE TIP 30, 1423–1438",Low-level: Super-resolution/Fusion,,,,,,False,False,False,False,https://scholar.google.com/scholar?q=Hyperspectral+image+super-resolution+via+deep+progressive+zero-centric+residual+learning+Zhu+2020,https://www.semanticscholar.org/search?q=Hyperspectral+image+super-resolution+via+deep+progressive+zero-centric+residual+learning+Zhu+2020,https://paperswithcode.com/search?q=Hyperspectral+image+super-resolution+via+deep+progressive+zero-centric+residual+learning,https://github.com/search?q=Hyperspectral+image+super-resolution+via+deep+progressive+zero-centric+residual+learning&type=repositories,search links generated; direct paper/code/dataset links not verified,,,"Zhu, Z., Hou, J., Chen, J., Zeng, H., Zhou, J., 2020. Hyperspectral image super-resolution via deep progressive zero-centric residual learning. IEEE TIP 30, 1423–1438."
384,2023,Eigenimage2eigenimage (e2e): A self-supervised deep learning network for hyperspectral image denoising,"Zhuang, L., Ng, M.K., Gao, L., Michalski, J., Wang, Z.",IEEE TNNLS ,Low-level: Denoising/Restoration,https://ieeexplore.ieee.org/document/10187207/,,,,,True,False,False,False,https://scholar.google.com/scholar?q=Eigenimage2eigenimage+%28e2e%29%3A+A+self-supervised+deep+learning+network+for+hyperspectral+image+denoising+Zhuang+2023,https://www.semanticscholar.org/search?q=Eigenimage2eigenimage+%28e2e%29%3A+A+self-supervised+deep+learning+network+for+hyperspectral+image+denoising+Zhuang+2023,https://paperswithcode.com/search?q=Eigenimage2eigenimage+%28e2e%29%3A+A+self-supervised+deep+learning+network+for+hyperspectral+image+denoising,https://github.com/search?q=Eigenimage2eigenimage+%28e2e%29%3A+A+self-supervised+deep+learning+network+for+hyperspectral+image+denoising&type=repositories,verified paper link; code not found in quick search,https://ieeexplore.ieee.org/document/10187207/,,"Zhuang, L., Ng, M.K., Gao, L., Michalski, J., Wang, Z., 2023. Eigenimage2eigenimage (e2e): A self-supervised deep learning network for hyperspectral image denoising. IEEE TNNLS ."
385,2021,Exploring chromatic aberration and defocus blur for relative depth estimation from monocular hyperspectral image,"Zia, A., Zhou, J., Gao, Y.","IEEE TIP 30, 4357–4370",Other / Background,,,,,,False,False,False,False,https://scholar.google.com/scholar?q=Exploring+chromatic+aberration+and+defocus+blur+for+relative+depth+estimation+from+monocular+hyperspectral+image+Zia+2021,https://www.semanticscholar.org/search?q=Exploring+chromatic+aberration+and+defocus+blur+for+relative+depth+estimation+from+monocular+hyperspectral+image+Zia+2021,https://paperswithcode.com/search?q=Exploring+chromatic+aberration+and+defocus+blur+for+relative+depth+estimation+from+monocular+hyperspectral+image,https://github.com/search?q=Exploring+chromatic+aberration+and+defocus+blur+for+relative+depth+estimation+from+monocular+hyperspectral+image&type=repositories,search links generated; direct paper/code/dataset links not verified,,,"Zia, A., Zhou, J., Gao, Y., 2021. Exploring chromatic aberration and defocus blur for relative depth estimation from monocular hyperspectral image. IEEE TIP 30, 4357–4370."
386,2020,Hyperspectral image super-resolution combining with deep learning and spectral unmixing,"Zou, C., Huang, X.","Signal Processing: Image Communication 84, 115833",Low-level: Super-resolution/Fusion,,,,,,False,False,False,False,https://scholar.google.com/scholar?q=Hyperspectral+image+super-resolution+combining+with+deep+learning+and+spectral+unmixing+Zou+2020,https://www.semanticscholar.org/search?q=Hyperspectral+image+super-resolution+combining+with+deep+learning+and+spectral+unmixing+Zou+2020,https://paperswithcode.com/search?q=Hyperspectral+image+super-resolution+combining+with+deep+learning+and+spectral+unmixing,https://github.com/search?q=Hyperspectral+image+super-resolution+combining+with+deep+learning+and+spectral+unmixing&type=repositories,search links generated; direct paper/code/dataset links not verified,,,"Zou, C., Huang, X., 2020. Hyperspectral image super-resolution combining with deep learning and spectral unmixing. Signal Processing: Image Communication 84, 115833."
387,2023,Object detection in 20 years: A survey,"Zou, Z., Chen, K., Shi, Z., Guo, Y., Ye, J.","Proceedings of the IEEE 111, 257–276",High-level: Segmentation/Detection/Tracking,,,,,,False,False,False,False,https://scholar.google.com/scholar?q=Object+detection+in+20+years%3A+A+survey+Zou+2023,https://www.semanticscholar.org/search?q=Object+detection+in+20+years%3A+A+survey+Zou+2023,https://paperswithcode.com/search?q=Object+detection+in+20+years%3A+A+survey,https://github.com/search?q=Object+detection+in+20+years%3A+A+survey&type=repositories,search links generated; direct paper/code/dataset links not verified,,,"Zou, Z., Chen, K., Shi, Z., Guo, Y., Ye, J., 2023. Object detection in 20 years: A survey. Proceedings of the IEEE 111, 257–276."
388,2021,Hyperspectral imaging for bloodstain identification,"Zulfiqar, M., Ahmad, M., Sohaib, A., Mazzara, M., Distefano, S.","Sensors 21, 3045",Physics/Sensing,,,,,,False,False,False,False,https://scholar.google.com/scholar?q=Hyperspectral+imaging+for+bloodstain+identification+Zulfiqar+2021,https://www.semanticscholar.org/search?q=Hyperspectral+imaging+for+bloodstain+identification+Zulfiqar+2021,https://paperswithcode.com/search?q=Hyperspectral+imaging+for+bloodstain+identification,https://github.com/search?q=Hyperspectral+imaging+for+bloodstain+identification&type=repositories,search links generated; direct paper/code/dataset links not verified,,,"Zulfiqar, M., Ahmad, M., Sohaib, A., Mazzara, M., Distefano, S., 2021. Hyperspectral imaging for bloodstain identification. Sensors 21, 3045."
